0;ts
135;1000
136;1001
136;1002
136;1003
136;1004
136;1005
136;1006
136;1007
136;1008
136;1009
111;100
136;1010
136;1011
136;1012
136;1013
136;1014
136;1015
136;1016
136;1017
136;1018
135;1019
111;101
134;1020
134;1021
134;1022
134;1023
134;1024
134;1025
134;1026
134;1027
134;1028
134;1029
111;102
135;1030
133;1031
136;1032
136;1033
136;1034
135;1035
135;1036
135;1037
135;1038
135;1039
111;103
135;1040
135;1041
135;1042
135;1043
135;1044
135;1045
135;1046
135;1047
135;1048
135;1049
112;104
135;1050
135;1051
135;1052
136;1053
136;1054
136;1055
136;1056
136;1057
136;1058
136;1059
112;105
136;1060
136;1061
136;1062
136;1063
136;1064
136;1065
136;1066
136;1067
136;1068
136;1069
112;106
137;1070
137;1071
137;1072
137;1073
137;1074
137;1075
137;1076
137;1077
137;1078
137;1079
112;107
137;1080
137;1081
137;1082
137;1083
137;1084
137;1085
137;1086
137;1087
137;1088
137;1089
112;108
137;1090
137;1091
137;1092
137;1093
137;1094
137;1095
137;1096
137;1097
137;1098
137;1099
112;109
49;10
137;1100
137;1101
137;1102
137;1103
137;1104
137;1105
137;1106
137;1107
137;1108
137;1109
112;110
137;1110
137;1111
137;1112
137;1113
137;1114
137;1115
137;1116
137;1117
137;1118
137;1119
112;111
137;1120
137;1121
137;1122
137;1123
137;1124
137;1125
137;1126
137;1127
137;1128
137;1129
112;112
137;1130
137;1131
137;1132
137;1133
137;1134
137;1135
137;1136
137;1137
137;1138
137;1139
112;113
137;1140
137;1141
137;1142
137;1143
137;1144
137;1145
137;1146
137;1147
137;1148
137;1149
112;114
137;1150
137;1151
137;1152
137;1153
137;1154
137;1155
137;1156
137;1157
137;1158
137;1159
112;115
137;1160
137;1161
137;1162
137;1163
138;1164
138;1165
138;1166
138;1167
138;1168
138;1169
112;116
138;1170
138;1171
138;1172
138;1173
138;1174
138;1175
138;1176
138;1177
138;1178
138;1179
112;117
138;1180
138;1181
138;1182
138;1183
138;1184
138;1185
138;1186
138;1187
138;1188
138;1189
113;118
138;1190
138;1191
138;1192
138;1193
138;1194
138;1195
138;1196
138;1197
138;1198
138;1199
113;119
53;11
138;1200
138;1201
138;1202
138;1203
138;1204
138;1205
138;1206
138;1207
138;1208
138;1209
113;120
138;1210
139;1211
139;1212
139;1213
139;1214
139;1215
139;1216
139;1217
139;1218
140;1219
113;121
140;1220
140;1221
140;1222
140;1223
140;1224
140;1225
140;1226
140;1227
140;1228
140;1229
113;122
140;1230
140;1231
140;1232
140;1233
140;1234
140;1235
140;1236
140;1237
140;1238
140;1239
113;123
140;1240
140;1241
140;1242
140;1243
140;1244
140;1245
140;1246
140;1247
140;1248
140;1249
113;124
140;1250
140;1251
140;1252
140;1253
140;1254
140;1255
140;1256
140;1257
140;1258
140;1259
113;125
140;1260
140;1261
140;1262
140;1263
140;1264
140;1265
140;1266
140;1267
140;1268
140;1269
113;126
140;1270
140;1271
140;1272
140;1273
140;1274
140;1275
140;1276
140;1277
140;1278
140;1279
113;127
140;1280
140;1281
140;1282
140;1283
140;1284
140;1285
140;1286
140;1287
140;1288
140;1289
113;128
140;1290
140;1291
140;1292
140;1293
141;1294
141;1295
141;1296
141;1297
140;1298
140;1299
113;129
58;12
140;1300
140;1301
140;1302
140;1303
140;1304
140;1305
140;1306
140;1307
140;1308
139;1309
113;130
139;1310
138;1311
138;1312
138;1313
138;1314
138;1315
138;1316
137;1317
137;1318
137;1319
113;131
137;1320
137;1321
137;1322
137;1323
137;1324
137;1325
137;1326
137;1327
137;1328
137;1329
113;132
137;1330
137;1331
137;1332
137;1333
137;1334
137;1335
137;1336
137;1337
137;1338
137;1339
113;133
137;1340
137;1341
137;1342
137;1343
137;1344
137;1345
137;1346
137;1347
137;1348
138;1349
113;134
138;1350
138;1351
138;1352
138;1353
138;1354
138;1355
138;1356
138;1357
138;1358
138;1359
113;135
138;1360
138;1361
138;1362
138;1363
138;1364
138;1365
138;1366
138;1367
138;1368
138;1369
113;136
138;1370
138;1371
138;1372
138;1373
138;1374
139;1375
139;1376
139;1377
139;1378
139;1379
113;137
139;1380
139;1381
139;1382
139;1383
138;1384
138;1385
138;1386
138;1387
138;1388
138;1389
113;138
138;1390
138;1391
138;1392
138;1393
138;1394
138;1395
138;1396
138;1397
138;1398
138;1399
117;139
58;13
138;1400
138;1401
138;1402
138;1403
138;1404
138;1405
138;1406
138;1407
138;1408
138;1409
118;140
138;1410
138;1411
138;1412
138;1413
138;1414
138;1415
138;1416
138;1417
139;1418
139;1419
118;141
139;1420
139;1421
139;1422
139;1423
139;1424
139;1425
139;1426
140;1427
140;1428
139;1429
119;142
139;1430
139;1431
139;1432
139;1433
139;1434
139;1435
139;1436
139;1437
139;1438
138;1439
119;143
138;1440
138;1441
138;1442
138;1443
138;1444
138;1445
138;1446
138;1447
138;1448
138;1449
119;144
138;1450
138;1451
138;1452
138;1453
138;1454
138;1455
138;1456
138;1457
138;1458
138;1459
119;145
138;1460
138;1461
138;1462
138;1463
138;1464
138;1465
138;1466
137;1467
136;1468
136;1469
119;146
137;1470
137;1471
137;1472
136;1473
136;1474
136;1475
136;1476
136;1477
136;1478
136;1479
119;147
136;1480
136;1481
136;1482
136;1483
136;1484
136;1485
136;1486
136;1487
136;1488
136;1489
119;148
136;1490
136;1491
136;1492
135;1493
135;1494
135;1495
135;1496
135;1497
135;1498
135;1499
119;149
64;14
135;1500
135;1501
135;1502
135;1503
135;1504
135;1505
135;1506
135;1507
135;1508
135;1509
119;150
135;1510
135;1511
135;1512
135;1513
135;1514
135;1515
135;1516
135;1517
135;1518
135;1519
119;151
134;1520
134;1521
134;1522
134;1523
134;1524
134;1525
134;1526
134;1527
134;1528
134;1529
119;152
134;1530
134;1531
134;1532
134;1533
134;1534
134;1535
133;1536
133;1537
133;1538
133;1539
119;153
133;1540
133;1541
133;1542
133;1543
132;1544
132;1545
132;1546
132;1547
132;1548
132;1549
119;154
132;1550
132;1551
132;1552
132;1553
132;1554
132;1555
132;1556
132;1557
132;1558
132;1559
119;155
132;1560
132;1561
132;1562
131;1563
131;1564
131;1565
131;1566
131;1567
130;1568
131;1569
119;156
131;1570
131;1571
131;1572
131;1573
132;1574
132;1575
132;1576
132;1577
132;1578
132;1579
119;157
132;1580
132;1581
133;1582
133;1583
133;1584
133;1585
133;1586
133;1587
133;1588
133;1589
119;158
133;1590
133;1591
133;1592
133;1593
133;1594
133;1595
133;1596
133;1597
133;1598
133;1599
119;159
64;15
133;1600
133;1601
133;1602
133;1603
134;1604
134;1605
133;1606
133;1607
133;1608
134;1609
119;160
134;1610
134;1611
134;1612
135;1613
136;1614
136;1615
136;1616
136;1617
136;1618
136;1619
119;161
136;1620
136;1621
136;1622
136;1623
136;1624
136;1625
136;1626
136;1627
136;1628
136;1629
119;162
136;1630
136;1631
136;1632
136;1633
136;1634
136;1635
136;1636
136;1637
136;1638
136;1639
119;163
136;1640
136;1641
136;1642
136;1643
136;1644
136;1645
136;1646
136;1647
136;1648
136;1649
119;164
136;1650
136;1651
136;1652
136;1653
136;1654
136;1655
136;1656
136;1657
136;1658
136;1659
119;165
136;1660
136;1661
136;1662
136;1663
136;1664
136;1665
136;1666
136;1667
136;1668
136;1669
119;166
136;1670
136;1671
136;1672
136;1673
136;1674
137;1675
137;1676
137;1677
137;1678
137;1679
119;167
137;1680
137;1681
137;1682
137;1683
137;1684
137;1685
137;1686
137;1687
137;1688
137;1689
119;168
137;1690
137;1691
137;1692
136;1693
136;1694
136;1695
136;1696
136;1697
136;1698
136;1699
119;169
64;16
136;1700
136;1701
136;1702
136;1703
136;1704
136;1705
136;1706
137;1707
137;1708
137;1709
119;170
136;1710
135;1711
135;1712
135;1713
135;1714
135;1715
135;1716
135;1717
135;1718
135;1719
119;171
135;1720
135;1721
135;1722
135;1723
135;1724
135;1725
135;1726
135;1727
135;1728
135;1729
119;172
135;1730
135;1731
136;1732
136;1733
136;1734
136;1735
136;1736
136;1737
136;1738
136;1739
119;173
136;1740
136;1741
136;1742
136;1743
136;1744
136;1745
136;1746
136;1747
136;1748
136;1749
119;174
136;1750
136;1751
136;1752
136;1753
136;1754
136;1755
136;1756
136;1757
136;1758
136;1759
119;175
136;1760
136;1761
136;1762
136;1763
136;1764
136;1765
136;1766
136;1767
137;1768
137;1769
119;176
138;1770
138;1771
138;1772
138;1773
138;1774
138;1775
139;1776
139;1777
139;1778
139;1779
119;177
139;1780
138;1781
138;1782
138;1783
138;1784
138;1785
138;1786
138;1787
138;1788
138;1789
119;178
137;1790
137;1791
137;1792
137;1793
137;1794
137;1795
137;1796
137;1797
137;1798
137;1799
119;179
67;17
137;1800
137;1801
137;1802
137;1803
137;1804
137;1805
137;1806
137;1807
137;1808
137;1809
119;180
137;1810
137;1811
137;1812
137;1813
137;1814
137;1815
137;1816
137;1817
137;1818
137;1819
119;181
137;1820
137;1821
137;1822
137;1823
137;1824
137;1825
137;1826
138;1827
138;1828
138;1829
119;182
138;1830
138;1831
138;1832
138;1833
138;1834
138;1835
138;1836
138;1837
138;1838
138;1839
120;183
138;1840
139;1841
139;1842
139;1843
139;1844
139;1845
139;1846
139;1847
139;1848
139;1849
123;184
139;1850
139;1851
140;1852
140;1853
140;1854
140;1855
140;1856
140;1857
141;1858
141;1859
123;185
141;1860
141;1861
141;1862
142;1863
142;1864
142;1865
142;1866
142;1867
141;1868
141;1869
123;186
141;1870
141;1871
141;1872
141;1873
141;1874
141;1875
141;1876
141;1877
141;1878
141;1879
123;187
141;1880
141;1881
141;1882
141;1883
141;1884
141;1885
141;1886
141;1887
141;1888
141;1889
123;188
141;1890
141;1891
141;1892
141;1893
141;1894
141;1895
141;1896
141;1897
141;1898
141;1899
123;189
71;18
141;1900
141;1901
141;1902
142;1903
142;1904
142;1905
142;1906
142;1907
142;1908
142;1909
123;190
142;1910
142;1911
142;1912
142;1913
142;1914
142;1915
142;1916
142;1917
142;1918
142;1919
123;191
142;1920
142;1921
142;1922
142;1923
142;1924
142;1925
142;1926
142;1927
142;1928
142;1929
123;192
142;1930
142;1931
142;1932
142;1933
142;1934
142;1935
141;1936
141;1937
142;1938
142;1939
123;193
142;1940
142;1941
142;1942
142;1943
142;1944
142;1945
142;1946
142;1947
142;1948
142;1949
123;194
142;1950
142;1951
142;1952
142;1953
142;1954
142;1955
142;1956
142;1957
142;1958
142;1959
123;195
142;1960
142;1961
142;1962
142;1963
142;1964
142;1965
142;1966
141;1967
141;1968
141;1969
123;196
141;1970
140;1971
140;1972
140;1973
140;1974
140;1975
140;1976
139;1977
139;1978
139;1979
123;197
139;1980
139;1981
139;1982
139;1983
139;1984
139;1985
139;1986
139;1987
139;1988
139;1989
123;198
139;1990
139;1991
139;1992
139;1993
139;1994
139;1995
139;1996
139;1997
139;1998
139;1999
123;199
75;19
11;1
139;2000
139;2001
139;2002
139;2003
139;2004
139;2005
139;2006
140;2007
140;2008
140;2009
123;200
139;2010
139;2011
139;2012
139;2013
139;2014
139;2015
139;2016
139;2017
139;2018
138;2019
123;201
138;2020
138;2021
138;2022
138;2023
138;2024
138;2025
138;2026
138;2027
138;2028
138;2029
123;202
138;2030
138;2031
138;2032
138;2033
138;2034
137;2035
137;2036
137;2037
137;2038
137;2039
123;203
137;2040
137;2041
137;2042
137;2043
137;2044
137;2045
137;2046
137;2047
138;2048
138;2049
123;204
138;2050
138;2051
138;2052
138;2053
138;2054
138;2055
138;2056
138;2057
138;2058
138;2059
123;205
137;2060
137;2061
137;2062
137;2063
137;2064
137;2065
137;2066
137;2067
137;2068
137;2069
123;206
137;2070
137;2071
137;2072
137;2073
137;2074
137;2075
137;2076
137;2077
137;2078
137;2079
123;207
137;2080
137;2081
137;2082
137;2083
137;2084
137;2085
137;2086
137;2087
137;2088
137;2089
123;208
137;2090
137;2091
137;2092
137;2093
137;2094
137;2095
137;2096
137;2097
137;2098
137;2099
123;209
77;20
137;2100
137;2101
137;2102
137;2103
137;2104
137;2105
137;2106
137;2107
137;2108
137;2109
123;210
137;2110
138;2111
138;2112
138;2113
137;2114
137;2115
137;2116
137;2117
137;2118
137;2119
123;211
137;2120
137;2121
137;2122
137;2123
137;2124
137;2125
137;2126
137;2127
137;2128
137;2129
123;212
137;2130
137;2131
137;2132
137;2133
137;2134
137;2135
138;2136
138;2137
138;2138
138;2139
123;213
138;2140
138;2141
138;2142
138;2143
138;2144
138;2145
138;2146
137;2147
137;2148
137;2149
123;214
136;2150
136;2151
136;2152
136;2153
137;2154
137;2155
137;2156
137;2157
137;2158
137;2159
123;215
137;2160
137;2161
137;2162
137;2163
137;2164
137;2165
137;2166
137;2167
137;2168
137;2169
123;216
137;2170
137;2171
137;2172
138;2173
138;2174
138;2175
138;2176
138;2177
138;2178
138;2179
123;217
138;2180
138;2181
138;2182
138;2183
138;2184
138;2185
138;2186
138;2187
138;2188
138;2189
123;218
138;2190
138;2191
138;2192
139;2193
139;2194
139;2195
139;2196
139;2197
138;2198
138;2199
123;219
77;21
138;2200
138;2201
138;2202
137;2203
137;2204
137;2205
137;2206
137;2207
137;2208
137;2209
123;220
136;2210
136;2211
136;2212
136;2213
137;2214
137;2215
138;2216
138;2217
138;2218
138;2219
123;221
138;2220
138;2221
138;2222
138;2223
138;2224
138;2225
138;2226
138;2227
138;2228
138;2229
123;222
138;2230
138;2231
138;2232
137;2233
137;2234
137;2235
136;2236
136;2237
136;2238
136;2239
123;223
136;2240
136;2241
136;2242
136;2243
136;2244
136;2245
136;2246
136;2247
136;2248
136;2249
123;224
136;2250
136;2251
136;2252
136;2253
136;2254
136;2255
136;2256
136;2257
136;2258
136;2259
123;225
136;2260
136;2261
136;2262
136;2263
136;2264
136;2265
136;2266
135;2267
135;2268
135;2269
123;226
134;2270
134;2271
134;2272
134;2273
134;2274
133;2275
133;2276
134;2277
134;2278
134;2279
123;227
134;2280
134;2281
134;2282
134;2283
134;2284
134;2285
134;2286
134;2287
134;2288
134;2289
123;228
134;2290
134;2291
134;2292
134;2293
134;2294
133;2295
133;2296
135;2297
135;2298
135;2299
123;229
79;22
135;2300
135;2301
135;2302
135;2303
135;2304
136;2305
136;2306
136;2307
136;2308
137;2309
123;230
137;2310
136;2311
136;2312
137;2313
137;2314
137;2315
137;2316
137;2317
137;2318
137;2319
123;231
137;2320
137;2321
137;2322
137;2323
137;2324
137;2325
137;2326
137;2327
137;2328
137;2329
123;232
137;2330
137;2331
137;2332
137;2333
137;2334
137;2335
137;2336
137;2337
137;2338
137;2339
123;233
137;2340
138;2341
138;2342
137;2343
137;2344
137;2345
137;2346
137;2347
138;2348
138;2349
123;234
138;2350
138;2351
138;2352
138;2353
138;2354
138;2355
138;2356
138;2357
138;2358
138;2359
123;235
138;2360
138;2361
138;2362
138;2363
137;2364
137;2365
137;2366
137;2367
137;2368
137;2369
123;236
137;2370
137;2371
137;2372
137;2373
137;2374
137;2375
138;2376
138;2377
138;2378
138;2379
123;237
138;2380
138;2381
138;2382
138;2383
138;2384
138;2385
138;2386
139;2387
138;2388
138;2389
123;238
138;2390
138;2391
139;2392
139;2393
138;2394
138;2395
138;2396
138;2397
137;2398
137;2399
123;239
79;23
137;2400
137;2401
137;2402
137;2403
137;2404
137;2405
136;2406
136;2407
136;2408
136;2409
123;240
136;2410
136;2411
136;2412
135;2413
135;2414
134;2415
134;2416
134;2417
134;2418
134;2419
123;241
134;2420
134;2421
134;2422
134;2423
134;2424
134;2425
133;2426
133;2427
133;2428
133;2429
123;242
133;2430
134;2431
134;2432
134;2433
133;2434
133;2435
133;2436
133;2437
133;2438
133;2439
123;243
132;2440
132;2441
132;2442
132;2443
132;2444
132;2445
132;2446
132;2447
132;2448
132;2449
123;244
132;2450
132;2451
131;2452
131;2453
131;2454
131;2455
131;2456
131;2457
130;2458
129;2459
123;245
129;2460
129;2461
128;2462
128;2463
128;2464
128;2465
128;2466
128;2467
129;2468
129;2469
123;246
128;2470
128;2471
128;2472
128;2473
127;2474
127;2475
127;2476
127;2477
126;2478
127;2479
123;247
128;2480
126;2481
126;2482
125;2483
125;2484
125;2485
125;2486
125;2487
125;2488
125;2489
123;248
125;2490
125;2491
125;2492
125;2493
125;2494
125;2495
125;2496
125;2497
124;2498
124;2499
123;249
82;24
124;2500
124;2501
124;2502
124;2503
124;2504
124;2505
124;2506
124;2507
124;2508
124;2509
123;250
124;2510
124;2511
124;2512
124;2513
124;2514
123;2515
123;2516
123;2517
123;2518
123;2519
123;251
123;2520
123;2521
123;2522
123;2523
123;2524
122;2525
122;2526
123;2527
123;2528
123;2529
123;252
123;2530
123;2531
123;2532
123;2533
123;2534
123;2535
123;2536
123;2537
123;2538
123;2539
123;253
122;2540
121;2541
121;2542
121;2543
121;2544
121;2545
121;2546
121;2547
121;2548
122;2549
123;254
122;2550
122;2551
122;2552
122;2553
122;2554
122;2555
122;2556
122;2557
121;2558
121;2559
123;255
121;2560
121;2561
122;2562
122;2563
122;2564
122;2565
122;2566
122;2567
122;2568
122;2569
123;256
122;2570
122;2571
122;2572
122;2573
122;2574
122;2575
122;2576
123;2577
122;2578
122;2579
123;257
122;2580
122;2581
122;2582
122;2583
122;2584
122;2585
122;2586
122;2587
123;2588
123;2589
123;258
124;2590
124;2591
124;2592
124;2593
124;2594
124;2595
124;2596
124;2597
124;2598
124;2599
123;259
82;25
124;2600
124;2601
124;2602
124;2603
124;2604
124;2605
124;2606
124;2607
124;2608
124;2609
123;260
124;2610
124;2611
124;2612
124;2613
124;2614
124;2615
124;2616
124;2617
124;2618
124;2619
123;261
124;2620
124;2621
123;2622
123;2623
123;2624
122;2625
122;2626
122;2627
122;2628
122;2629
123;262
122;2630
122;2631
122;2632
122;2633
122;2634
122;2635
122;2636
123;2637
123;2638
124;2639
123;263
124;2640
126;2641
126;2642
126;2643
126;2644
126;2645
126;2646
126;2647
126;2648
126;2649
123;264
127;2650
127;2651
127;2652
127;2653
127;2654
127;2655
127;2656
126;2657
126;2658
126;2659
123;265
126;2660
126;2661
126;2662
127;2663
127;2664
127;2665
127;2666
128;2667
128;2668
127;2669
123;266
127;2670
127;2671
127;2672
127;2673
127;2674
127;2675
127;2676
127;2677
127;2678
127;2679
123;267
127;2680
126;2681
126;2682
126;2683
126;2684
127;2685
126;2686
126;2687
126;2688
126;2689
123;268
127;2690
127;2691
127;2692
127;2693
128;2694
128;2695
128;2696
127;2697
127;2698
127;2699
123;269
83;26
127;2700
126;2701
126;2702
126;2703
126;2704
126;2705
126;2706
126;2707
126;2708
126;2709
123;270
126;2710
126;2711
125;2712
125;2713
125;2714
125;2715
125;2716
125;2717
125;2718
125;2719
124;271
125;2720
125;2721
125;2722
125;2723
124;2724
125;2725
125;2726
125;2727
125;2728
125;2729
124;272
125;2730
126;2731
126;2732
126;2733
126;2734
127;2735
127;2736
127;2737
127;2738
127;2739
124;273
127;2740
127;2741
127;2742
127;2743
127;2744
127;2745
127;2746
127;2747
127;2748
127;2749
124;274
128;2750
128;2751
128;2752
128;2753
129;2754
129;2755
129;2756
130;2757
130;2758
130;2759
124;275
130;2760
131;2761
131;2762
131;2763
131;2764
131;2765
131;2766
131;2767
131;2768
131;2769
124;276
131;2770
131;2771
132;2772
131;2773
131;2774
131;2775
131;2776
131;2777
131;2778
132;2779
124;277
132;2780
132;2781
132;2782
131;2783
131;2784
132;2785
132;2786
131;2787
131;2788
131;2789
124;278
131;2790
131;2791
131;2792
131;2793
131;2794
131;2795
130;2796
130;2797
129;2798
129;2799
124;279
83;27
129;2800
130;2801
130;2802
130;2803
130;2804
130;2805
130;2806
131;2807
131;2808
131;2809
124;280
131;2810
131;2811
131;2812
131;2813
131;2814
130;2815
130;2816
130;2817
130;2818
130;2819
124;281
130;2820
130;2821
130;2822
130;2823
130;2824
130;2825
131;2826
131;2827
131;2828
131;2829
125;282
131;2830
131;2831
132;2832
132;2833
132;2834
132;2835
132;2836
132;2837
132;2838
132;2839
125;283
132;2840
132;2841
132;2842
132;2843
132;2844
132;2845
132;2846
132;2847
132;2848
132;2849
125;284
132;2850
132;2851
131;2852
131;2853
131;2854
131;2855
129;2856
129;2857
129;2858
129;2859
125;285
129;2860
128;2861
129;2862
129;2863
128;2864
128;2865
128;2866
128;2867
127;2868
127;2869
125;286
127;2870
127;2871
127;2872
128;2873
127;2874
127;2875
127;2876
127;2877
127;2878
127;2879
125;287
127;2880
127;2881
127;2882
126;2883
126;2884
127;2885
127;2886
127;2887
128;2888
128;2889
125;288
129;2890
129;2891
129;2892
129;2893
129;2894
129;2895
130;2896
130;2897
129;2898
129;2899
125;289
83;28
129;2900
130;2901
130;2902
130;2903
130;2904
130;2905
130;2906
130;2907
130;2908
130;2909
126;290
130;2910
130;2911
130;2912
129;2913
129;2914
129;2915
129;2916
129;2917
129;2918
129;2919
126;291
130;2920
130;2921
129;2922
129;2923
128;2924
128;2925
128;2926
128;2927
128;2928
128;2929
126;292
128;2930
128;2931
128;2932
128;2933
128;2934
128;2935
128;2936
128;2937
128;2938
129;2939
126;293
129;2940
129;2941
129;2942
129;2943
129;2944
129;2945
129;2946
130;2947
130;2948
130;2949
126;294
130;2950
130;2951
129;2952
129;2953
129;2954
129;2955
129;2956
129;2957
129;2958
129;2959
126;295
129;2960
129;2961
130;2962
130;2963
131;2964
130;2965
130;2966
130;2967
130;2968
130;2969
126;296
130;2970
129;2971
129;2972
129;2973
130;2974
130;2975
130;2976
130;2977
130;2978
130;2979
126;297
130;2980
130;2981
130;2982
130;2983
130;2984
130;2985
130;2986
130;2987
130;2988
129;2989
126;298
129;2990
129;2991
129;2992
129;2993
129;2994
129;2995
129;2996
129;2997
129;2998
129;2999
126;299
83;29
16;2
129;3000
129;3001
129;3002
130;3003
130;3004
130;3005
130;3006
129;3007
130;3008
130;3009
126;300
130;3010
130;3011
129;3012
129;3013
129;3014
129;3015
129;3016
129;3017
129;3018
129;3019
126;301
129;3020
129;3021
129;3022
129;3023
129;3024
129;3025
130;3026
130;3027
129;3028
129;3029
126;302
129;3030
129;3031
129;3032
129;3033
129;3034
129;3035
129;3036
129;3037
129;3038
129;3039
126;303
129;3040
129;3041
129;3042
129;3043
129;3044
128;3045
128;3046
128;3047
128;3048
128;3049
126;304
128;3050
128;3051
128;3052
127;3053
127;3054
127;3055
127;3056
127;3057
127;3058
127;3059
126;305
127;3060
127;3061
127;3062
127;3063
127;3064
127;3065
127;3066
127;3067
127;3068
127;3069
127;306
127;3070
127;3071
127;3072
129;3073
129;3074
129;3075
129;3076
129;3077
129;3078
129;3079
127;307
129;3080
129;3081
129;3082
129;3083
129;3084
129;3085
129;3086
129;3087
129;3088
129;3089
127;308
127;3090
127;3091
127;3092
127;3093
127;3094
127;3095
127;3096
127;3097
126;3098
126;3099
127;309
83;30
126;3100
126;3101
125;3102
125;3103
125;3104
125;3105
125;3106
125;3107
125;3108
125;3109
127;310
125;3110
125;3111
125;3112
125;3113
125;3114
126;3115
126;3116
126;3117
126;3118
126;3119
127;311
126;3120
126;3121
126;3122
126;3123
126;3124
126;3125
126;3126
126;3127
126;3128
126;3129
127;312
126;3130
126;3131
127;3132
127;3133
127;3134
127;3135
127;3136
127;3137
127;3138
127;3139
127;313
127;3140
127;3141
128;3142
128;3143
129;3144
128;3145
128;3146
128;3147
128;3148
128;3149
127;314
128;3150
128;3151
128;3152
128;3153
128;3154
128;3155
128;3156
128;3157
128;3158
128;3159
127;315
128;3160
128;3161
128;3162
128;3163
128;3164
127;3165
127;3166
127;3167
127;3168
127;3169
127;316
127;3170
127;3171
127;3172
126;3173
126;3174
126;3175
126;3176
126;3177
127;3178
127;3179
127;317
127;3180
127;3181
127;3182
127;3183
127;3184
128;3185
128;3186
128;3187
130;3188
131;3189
127;318
131;3190
131;3191
131;3192
132;3193
131;3194
131;3195
131;3196
131;3197
131;3198
131;3199
127;319
83;31
131;3200
131;3201
131;3202
131;3203
130;3204
130;3205
130;3206
131;3207
131;3208
131;3209
127;320
131;3210
131;3211
131;3212
131;3213
130;3214
130;3215
130;3216
130;3217
130;3218
130;3219
127;321
130;3220
130;3221
130;3222
130;3223
131;3224
131;3225
131;3226
131;3227
131;3228
131;3229
127;322
131;3230
131;3231
131;3232
131;3233
131;3234
131;3235
131;3236
131;3237
131;3238
131;3239
127;323
131;3240
131;3241
131;3242
131;3243
131;3244
131;3245
131;3246
131;3247
131;3248
131;3249
130;324
131;3250
131;3251
131;3252
132;3253
132;3254
132;3255
132;3256
131;3257
131;3258
131;3259
130;325
131;3260
131;3261
131;3262
131;3263
131;3264
131;3265
131;3266
131;3267
131;3268
131;3269
130;326
131;3270
132;3271
132;3272
132;3273
131;3274
131;3275
131;3276
131;3277
131;3278
131;3279
130;327
131;3280
132;3281
132;3282
132;3283
132;3284
132;3285
132;3286
132;3287
132;3288
131;3289
130;328
131;3290
131;3291
131;3292
132;3293
132;3294
132;3295
132;3296
132;3297
132;3298
133;3299
130;329
83;32
134;3300
134;3301
133;3302
133;3303
133;3304
133;3305
133;3306
134;3307
134;3308
134;3309
130;330
134;3310
134;3311
134;3312
134;3313
134;3314
134;3315
134;3316
133;3317
133;3318
133;3319
130;331
134;3320
135;3321
135;3322
135;3323
135;3324
135;3325
135;3326
134;3327
134;3328
135;3329
130;332
135;3330
135;3331
134;3332
133;3333
133;3334
133;3335
132;3336
132;3337
131;3338
131;3339
130;333
131;3340
131;3341
131;3342
131;3343
131;3344
132;3345
133;3346
133;3347
133;3348
133;3349
130;334
133;3350
133;3351
133;3352
133;3353
133;3354
133;3355
133;3356
134;3357
134;3358
134;3359
130;335
134;3360
134;3361
134;3362
134;3363
134;3364
134;3365
135;3366
135;3367
135;3368
135;3369
130;336
135;3370
135;3371
135;3372
135;3373
135;3374
135;3375
135;3376
135;3377
135;3378
135;3379
130;337
135;3380
136;3381
136;3382
136;3383
136;3384
136;3385
136;3386
136;3387
136;3388
136;3389
130;338
136;3390
135;3391
135;3392
135;3393
135;3394
135;3395
136;3396
136;3397
136;3398
136;3399
130;339
83;33
136;3400
136;3401
136;3402
136;3403
136;3404
137;3405
137;3406
137;3407
136;3408
137;3409
130;340
136;3410
136;3411
136;3412
136;3413
136;3414
136;3415
137;3416
137;3417
137;3418
138;3419
130;341
138;3420
138;3421
138;3422
138;3423
138;3424
138;3425
139;3426
139;3427
139;3428
139;3429
130;342
139;3430
140;3431
140;3432
141;3433
141;3434
141;3435
141;3436
141;3437
142;3438
142;3439
130;343
143;3440
144;3441
144;3442
144;3443
144;3444
144;3445
144;3446
143;3447
143;3448
143;3449
130;344
143;3450
144;3451
144;3452
144;3453
144;3454
144;3455
144;3456
144;3457
144;3458
145;3459
130;345
145;3460
145;3461
145;3462
145;3463
145;3464
145;3465
145;3466
145;3467
145;3468
145;3469
130;346
145;3470
145;3471
145;3472
145;3473
145;3474
145;3475
146;3476
146;3477
146;3478
146;3479
130;347
147;3480
146;3481
146;3482
146;3483
146;3484
146;3485
147;3486
147;3487
148;3488
148;3489
130;348
148;3490
148;3491
148;3492
148;3493
148;3494
148;3495
148;3496
148;3497
148;3498
148;3499
130;349
83;34
148;3500
148;3501
147;3502
147;3503
147;3504
147;3505
147;3506
147;3507
147;3508
147;3509
130;350
146;3510
146;3511
146;3512
146;3513
146;3514
145;3515
146;3516
146;3517
146;3518
146;3519
130;351
146;3520
146;3521
146;3522
146;3523
145;3524
145;3525
145;3526
145;3527
145;3528
145;3529
130;352
145;3530
145;3531
145;3532
145;3533
145;3534
145;3535
145;3536
145;3537
145;3538
145;3539
130;353
145;3540
145;3541
145;3542
145;3543
144;3544
144;3545
144;3546
144;3547
144;3548
144;3549
130;354
144;3550
144;3551
144;3552
144;3553
144;3554
144;3555
144;3556
144;3557
144;3558
144;3559
130;355
144;3560
144;3561
144;3562
144;3563
144;3564
144;3565
144;3566
145;3567
145;3568
145;3569
130;356
145;3570
145;3571
145;3572
145;3573
145;3574
146;3575
146;3576
147;3577
147;3578
147;3579
131;357
147;3580
146;3581
146;3582
146;3583
146;3584
145;3585
145;3586
145;3587
145;3588
145;3589
131;358
145;3590
145;3591
145;3592
145;3593
145;3594
144;3595
144;3596
144;3597
145;3598
145;3599
131;359
87;35
145;3600
145;3601
145;3602
145;3603
145;3604
145;3605
145;3606
145;3607
145;3608
145;3609
131;360
145;3610
145;3611
145;3612
145;3613
146;3614
146;3615
146;3616
146;3617
146;3618
146;3619
131;361
146;3620
146;3621
146;3622
146;3623
146;3624
144;3625
144;3626
143;3627
143;3628
142;3629
131;362
142;3630
141;3631
141;3632
141;3633
142;3634
142;3635
141;3636
141;3637
141;3638
141;3639
131;363
141;3640
141;3641
141;3642
141;3643
142;3644
141;3645
141;3646
141;3647
141;3648
141;3649
131;364
141;3650
141;3651
141;3652
141;3653
141;3654
141;3655
141;3656
141;3657
141;3658
142;3659
131;365
142;3660
141;3661
141;3662
141;3663
141;3664
141;3665
141;3666
141;3667
141;3668
141;3669
131;366
140;3670
140;3671
140;3672
140;3673
140;3674
140;3675
140;3676
139;3677
139;3678
139;3679
131;367
139;3680
140;3681
140;3682
140;3683
140;3684
140;3685
140;3686
140;3687
140;3688
140;3689
131;368
140;3690
140;3691
140;3692
140;3693
140;3694
140;3695
141;3696
141;3697
141;3698
141;3699
131;369
88;36
141;3700
141;3701
141;3702
141;3703
141;3704
141;3705
141;3706
141;3707
141;3708
141;3709
131;370
141;3710
141;3711
141;3712
141;3713
141;3714
141;3715
141;3716
141;3717
142;3718
143;3719
131;371
143;3720
143;3721
143;3722
143;3723
144;3724
144;3725
144;3726
144;3727
146;3728
146;3729
131;372
146;3730
146;3731
146;3732
146;3733
146;3734
146;3735
145;3736
145;3737
145;3738
146;3739
131;373
146;3740
146;3741
146;3742
146;3743
146;3744
146;3745
146;3746
146;3747
146;3748
146;3749
131;374
146;3750
146;3751
146;3752
146;3753
146;3754
146;3755
146;3756
146;3757
146;3758
146;3759
131;375
146;3760
146;3761
146;3762
146;3763
146;3764
147;3765
147;3766
147;3767
147;3768
147;3769
131;376
148;3770
148;3771
148;3772
148;3773
148;3774
148;3775
148;3776
148;3777
148;3778
148;3779
131;377
148;3780
147;3781
146;3782
147;3783
147;3784
147;3785
147;3786
147;3787
147;3788
148;3789
132;378
148;3790
148;3791
148;3792
148;3793
149;3794
148;3795
148;3796
148;3797
148;3798
148;3799
132;379
88;37
148;3800
148;3801
148;3802
148;3803
148;3804
147;3805
147;3806
147;3807
147;3808
147;3809
132;380
147;3810
147;3811
147;3812
147;3813
147;3814
147;3815
147;3816
147;3817
148;3818
148;3819
132;381
149;3820
149;3821
149;3822
149;3823
149;3824
149;3825
149;3826
149;3827
149;3828
149;3829
132;382
149;3830
149;3831
149;3832
149;3833
149;3834
149;3835
149;3836
149;3837
149;3838
148;3839
133;383
148;3840
148;3841
147;3842
146;3843
145;3844
145;3845
145;3846
145;3847
145;3848
146;3849
133;384
146;3850
146;3851
146;3852
146;3853
146;3854
146;3855
146;3856
147;3857
147;3858
147;3859
133;385
148;3860
148;3861
148;3862
148;3863
148;3864
149;3865
148;3866
148;3867
148;3868
149;3869
133;386
149;3870
149;3871
149;3872
149;3873
149;3874
147;3875
147;3876
147;3877
146;3878
146;3879
133;387
146;3880
146;3881
146;3882
146;3883
146;3884
146;3885
146;3886
146;3887
146;3888
146;3889
133;388
146;3890
146;3891
146;3892
146;3893
146;3894
146;3895
146;3896
146;3897
146;3898
146;3899
133;389
89;38
146;3900
146;3901
146;3902
146;3903
145;3904
145;3905
145;3906
145;3907
145;3908
146;3909
133;390
145;3910
145;3911
145;3912
145;3913
145;3914
145;3915
145;3916
145;3917
145;3918
145;3919
133;391
145;3920
147;3921
147;3922
147;3923
147;3924
147;3925
148;3926
148;3927
148;3928
148;3929
133;392
148;3930
148;3931
148;3932
148;3933
148;3934
148;3935
148;3936
148;3937
149;3938
149;3939
133;393
149;3940
149;3941
149;3942
149;3943
149;3944
150;3945
150;3946
152;3947
152;3948
152;3949
133;394
151;3950
151;3951
151;3952
151;3953
151;3954
151;3955
151;3956
151;3957
151;3958
151;3959
133;395
151;3960
151;3961
151;3962
151;3963
151;3964
151;3965
151;3966
151;3967
151;3968
151;3969
133;396
151;3970
151;3971
151;3972
151;3973
150;3974
150;3975
150;3976
150;3977
150;3978
150;3979
133;397
150;3980
150;3981
150;3982
150;3983
150;3984
150;3985
150;3986
150;3987
150;3988
150;3989
133;398
150;3990
150;3991
149;3992
149;3993
149;3994
149;3995
148;3996
149;3997
149;3998
149;3999
133;399
89;39
22;3
149;4000
149;4001
149;4002
149;4003
148;4004
148;4005
148;4006
148;4007
148;4008
148;4009
133;400
148;4010
148;4011
148;4012
148;4013
148;4014
149;4015
149;4016
149;4017
149;4018
149;4019
133;401
150;4020
150;4021
149;4022
149;4023
149;4024
150;4025
150;4026
150;4027
150;4028
150;4029
134;402
149;4030
149;4031
149;4032
148;4033
148;4034
148;4035
148;4036
148;4037
148;4038
148;4039
134;403
148;4040
148;4041
148;4042
149;4043
150;4044
150;4045
150;4046
150;4047
150;4048
151;4049
134;404
150;4050
150;4051
151;4052
151;4053
151;4054
152;4055
153;4056
153;4057
153;4058
153;4059
134;405
153;4060
153;4061
152;4062
151;4063
151;4064
151;4065
151;4066
151;4067
150;4068
150;4069
134;406
150;4070
150;4071
150;4072
150;4073
150;4074
150;4075
151;4076
151;4077
151;4078
150;4079
134;407
151;4080
151;4081
151;4082
151;4083
151;4084
151;4085
151;4086
150;4087
150;4088
150;4089
134;408
150;4090
150;4091
150;4092
150;4093
150;4094
150;4095
150;4096
150;4097
150;4098
150;4099
134;409
89;40
150;4100
150;4101
150;4102
149;4103
149;4104
149;4105
148;4106
148;4107
148;4108
148;4109
134;410
148;4110
148;4111
148;4112
148;4113
148;4114
148;4115
148;4116
148;4117
148;4118
148;4119
134;411
148;4120
148;4121
148;4122
148;4123
148;4124
148;4125
148;4126
148;4127
148;4128
148;4129
134;412
148;4130
148;4131
148;4132
148;4133
148;4134
148;4135
148;4136
148;4137
148;4138
148;4139
134;413
147;4140
147;4141
147;4142
147;4143
147;4144
146;4145
146;4146
146;4147
146;4148
146;4149
134;414
146;4150
146;4151
146;4152
146;4153
147;4154
147;4155
147;4156
147;4157
147;4158
147;4159
134;415
147;4160
148;4161
148;4162
148;4163
148;4164
148;4165
148;4166
148;4167
147;4168
147;4169
134;416
147;4170
147;4171
147;4172
147;4173
147;4174
146;4175
146;4176
147;4177
147;4178
147;4179
134;417
147;4180
147;4181
147;4182
147;4183
147;4184
147;4185
147;4186
147;4187
147;4188
147;4189
134;418
147;4190
147;4191
147;4192
146;4193
146;4194
145;4195
145;4196
145;4197
145;4198
145;4199
134;419
89;41
145;4200
145;4201
145;4202
145;4203
145;4204
145;4205
145;4206
144;4207
144;4208
144;4209
134;420
144;4210
144;4211
144;4212
144;4213
144;4214
144;4215
144;4216
144;4217
144;4218
144;4219
134;421
143;4220
143;4221
143;4222
143;4223
143;4224
142;4225
143;4226
143;4227
143;4228
143;4229
134;422
143;4230
143;4231
143;4232
143;4233
143;4234
144;4235
145;4236
145;4237
145;4238
145;4239
134;423
145;4240
145;4241
145;4242
145;4243
145;4244
145;4245
145;4246
144;4247
144;4248
144;4249
134;424
144;4250
144;4251
144;4252
143;4253
144;4254
144;4255
144;4256
144;4257
144;4258
144;4259
134;425
144;4260
143;4261
143;4262
143;4263
143;4264
143;4265
143;4266
143;4267
143;4268
143;4269
134;426
143;4270
143;4271
143;4272
143;4273
143;4274
144;4275
144;4276
144;4277
144;4278
144;4279
134;427
144;4280
144;4281
144;4282
144;4283
144;4284
144;4285
144;4286
144;4287
144;4288
144;4289
134;428
144;4290
144;4291
144;4292
144;4293
144;4294
144;4295
144;4296
144;4297
144;4298
144;4299
134;429
89;42
144;4300
143;4301
143;4302
143;4303
143;4304
143;4305
143;4306
143;4307
145;4308
145;4309
134;430
145;4310
145;4311
145;4312
145;4313
145;4314
145;4315
145;4316
145;4317
145;4318
145;4319
134;431
145;4320
145;4321
145;4322
145;4323
145;4324
145;4325
144;4326
144;4327
144;4328
144;4329
134;432
144;4330
144;4331
144;4332
144;4333
144;4334
144;4335
144;4336
144;4337
144;4338
144;4339
134;433
144;4340
144;4341
144;4342
145;4343
145;4344
145;4345
145;4346
145;4347
144;4348
144;4349
134;434
144;4350
143;4351
142;4352
142;4353
142;4354
142;4355
141;4356
141;4357
141;4358
141;4359
134;435
141;4360
141;4361
141;4362
140;4363
139;4364
139;4365
139;4366
139;4367
139;4368
138;4369
134;436
140;4370
140;4371
140;4372
140;4373
141;4374
141;4375
140;4376
141;4377
141;4378
141;4379
134;437
141;4380
141;4381
141;4382
141;4383
141;4384
141;4385
142;4386
142;4387
142;4388
141;4389
134;438
141;4390
141;4391
141;4392
138;4393
137;4394
136;4395
136;4396
136;4397
136;4398
136;4399
134;439
90;43
136;4400
137;4401
138;4402
139;4403
139;4404
141;4405
141;4406
140;4407
140;4408
140;4409
134;440
140;4410
139;4411
139;4412
139;4413
138;4414
138;4415
139;4416
139;4417
139;4418
139;4419
134;441
139;4420
139;4421
139;4422
139;4423
139;4424
139;4425
140;4426
140;4427
140;4428
141;4429
134;442
141;4430
141;4431
141;4432
142;4433
142;4434
143;4435
143;4436
144;4437
144;4438
144;4439
134;443
144;4440
144;4441
144;4442
145;4443
145;4444
145;4445
144;4446
145;4447
145;4448
144;4449
134;444
144;4450
144;4451
144;4452
145;4453
145;4454
145;4455
145;4456
145;4457
145;4458
145;4459
134;445
145;4460
145;4461
145;4462
145;4463
144;4464
143;4465
143;4466
142;4467
142;4468
142;4469
134;446
142;4470
143;4471
143;4472
143;4473
142;4474
142;4475
143;4476
143;4477
143;4478
143;4479
134;447
143;4480
143;4481
143;4482
143;4483
143;4484
143;4485
143;4486
143;4487
143;4488
143;4489
134;448
142;4490
142;4491
142;4492
142;4493
142;4494
142;4495
143;4496
143;4497
143;4498
143;4499
134;449
90;44
143;4500
143;4501
144;4502
144;4503
144;4504
144;4505
144;4506
143;4507
143;4508
143;4509
134;450
144;4510
144;4511
144;4512
144;4513
143;4514
143;4515
143;4516
143;4517
142;4518
142;4519
134;451
142;4520
142;4521
142;4522
141;4523
141;4524
141;4525
141;4526
141;4527
141;4528
142;4529
134;452
143;4530
143;4531
143;4532
143;4533
143;4534
143;4535
143;4536
143;4537
142;4538
142;4539
134;453
142;4540
142;4541
143;4542
143;4543
143;4544
142;4545
142;4546
143;4547
143;4548
143;4549
134;454
142;4550
142;4551
143;4552
144;4553
144;4554
144;4555
145;4556
145;4557
145;4558
145;4559
134;455
144;4560
144;4561
144;4562
144;4563
144;4564
144;4565
144;4566
144;4567
144;4568
144;4569
134;456
144;4570
144;4571
144;4572
144;4573
144;4574
144;4575
144;4576
144;4577
144;4578
144;4579
134;457
143;4580
144;4581
144;4582
143;4583
143;4584
143;4585
143;4586
143;4587
143;4588
143;4589
134;458
143;4590
143;4591
143;4592
143;4593
143;4594
143;4595
142;4596
142;4597
142;4598
142;4599
134;459
91;45
142;4600
142;4601
142;4602
142;4603
142;4604
142;4605
142;4606
142;4607
142;4608
142;4609
134;460
142;4610
142;4611
142;4612
142;4613
143;4614
143;4615
142;4616
142;4617
142;4618
142;4619
134;461
142;4620
142;4621
142;4622
142;4623
142;4624
142;4625
141;4626
141;4627
141;4628
141;4629
134;462
141;4630
141;4631
141;4632
141;4633
140;4634
140;4635
141;4636
140;4637
140;4638
140;4639
134;463
140;4640
139;4641
139;4642
139;4643
139;4644
139;4645
139;4646
139;4647
139;4648
139;4649
134;464
139;4650
139;4651
139;4652
140;4653
139;4654
139;4655
139;4656
139;4657
139;4658
139;4659
134;465
139;4660
139;4661
139;4662
139;4663
139;4664
139;4665
139;4666
139;4667
139;4668
139;4669
134;466
139;4670
139;4671
139;4672
138;4673
138;4674
138;4675
138;4676
138;4677
138;4678
138;4679
134;467
138;4680
138;4681
138;4682
138;4683
139;4684
139;4685
139;4686
139;4687
138;4688
138;4689
134;468
138;4690
138;4691
139;4692
139;4693
139;4694
139;4695
139;4696
139;4697
139;4698
139;4699
134;469
92;46
139;4700
139;4701
139;4702
139;4703
139;4704
139;4705
139;4706
140;4707
140;4708
140;4709
134;470
139;4710
139;4711
139;4712
139;4713
139;4714
139;4715
139;4716
140;4717
140;4718
140;4719
134;471
140;4720
141;4721
141;4722
140;4723
141;4724
141;4725
141;4726
141;4727
141;4728
141;4729
134;472
141;4730
140;4731
140;4732
139;4733
140;4734
140;4735
140;4736
140;4737
141;4738
141;4739
134;473
141;4740
141;4741
141;4742
141;4743
141;4744
141;4745
141;4746
141;4747
141;4748
141;4749
134;474
141;4750
142;4751
142;4752
141;4753
141;4754
140;4755
141;4756
140;4757
139;4758
139;4759
134;475
140;4760
140;4761
140;4762
140;4763
140;4764
140;4765
140;4766
140;4767
141;4768
141;4769
134;476
142;4770
142;4771
142;4772
142;4773
142;4774
142;4775
141;4776
141;4777
141;4778
141;4779
134;477
140;4780
140;4781
140;4782
140;4783
140;4784
140;4785
141;4786
141;4787
141;4788
141;4789
134;478
141;4790
141;4791
141;4792
142;4793
142;4794
143;4795
144;4796
144;4797
144;4798
144;4799
134;479
92;47
144;4800
144;4801
144;4802
144;4803
144;4804
144;4805
144;4806
146;4807
146;4808
147;4809
134;480
148;4810
148;4811
149;4812
149;4813
149;4814
149;4815
149;4816
149;4817
149;4818
149;4819
134;481
149;4820
149;4821
149;4822
149;4823
149;4824
149;4825
149;4826
149;4827
149;4828
149;4829
134;482
149;4830
150;4831
150;4832
150;4833
150;4834
150;4835
150;4836
150;4837
150;4838
150;4839
134;483
150;4840
150;4841
150;4842
150;4843
150;4844
150;4845
150;4846
150;4847
150;4848
150;4849
134;484
150;4850
150;4851
150;4852
150;4853
150;4854
150;4855
150;4856
150;4857
150;4858
150;4859
134;485
150;4860
150;4861
150;4862
150;4863
150;4864
149;4865
149;4866
149;4867
149;4868
149;4869
134;486
149;4870
149;4871
149;4872
150;4873
150;4874
150;4875
150;4876
150;4877
150;4878
150;4879
134;487
150;4880
150;4881
150;4882
149;4883
149;4884
149;4885
149;4886
149;4887
150;4888
150;4889
134;488
150;4890
150;4891
150;4892
150;4893
150;4894
150;4895
149;4896
149;4897
149;4898
149;4899
134;489
92;48
149;4900
149;4901
149;4902
149;4903
149;4904
148;4905
148;4906
148;4907
148;4908
148;4909
134;490
148;4910
148;4911
148;4912
148;4913
148;4914
148;4915
147;4916
147;4917
147;4918
147;4919
134;491
147;4920
146;4921
146;4922
147;4923
147;4924
147;4925
147;4926
146;4927
146;4928
146;4929
134;492
146;4930
146;4931
146;4932
147;4933
147;4934
148;4935
147;4936
147;4937
147;4938
147;4939
134;493
147;4940
147;4941
147;4942
148;4943
149;4944
149;4945
149;4946
149;4947
148;4948
148;4949
134;494
148;4950
148;4951
148;4952
148;4953
148;4954
148;4955
148;4956
148;4957
149;4958
149;4959
134;495
149;4960
149;4961
149;4962
149;4963
147;4964
147;4965
147;4966
147;4967
146;4968
146;4969
134;496
146;4970
146;4971
146;4972
146;4973
146;4974
146;4975
146;4976
146;4977
146;4978
146;4979
134;497
146;4980
146;4981
146;4982
146;4983
147;4984
147;4985
147;4986
147;4987
147;4988
147;4989
134;498
147;4990
147;4991
147;4992
147;4993
147;4994
147;4995
147;4996
147;4997
147;4998
147;4999
134;499
92;49
29;4
147;5000
147;5001
147;5002
147;5003
147;5004
147;5005
147;5006
147;5007
147;5008
147;5009
134;500
147;5010
147;5011
147;5012
147;5013
147;5014
147;5015
147;5016
147;5017
147;5018
146;5019
134;501
146;5020
146;5021
146;5022
146;5023
146;5024
146;5025
146;5026
146;5027
146;5028
146;5029
134;502
146;5030
146;5031
146;5032
146;5033
148;5034
148;5035
148;5036
148;5037
148;5038
148;5039
134;503
148;5040
148;5041
148;5042
148;5043
149;5044
149;5045
149;5046
149;5047
149;5048
149;5049
134;504
148;5050
148;5051
148;5052
148;5053
148;5054
147;5055
147;5056
147;5057
146;5058
146;5059
134;505
146;5060
146;5061
146;5062
146;5063
146;5064
146;5065
146;5066
146;5067
146;5068
146;5069
134;506
146;5070
146;5071
147;5072
147;5073
145;5074
145;5075
144;5076
144;5077
144;5078
144;5079
134;507
144;5080
145;5081
144;5082
144;5083
144;5084
144;5085
144;5086
144;5087
144;5088
143;5089
134;508
143;5090
143;5091
143;5092
143;5093
143;5094
143;5095
143;5096
143;5097
143;5098
143;5099
134;509
92;50
143;5100
143;5101
143;5102
143;5103
143;5104
143;5105
143;5106
143;5107
143;5108
143;5109
134;510
143;5110
143;5111
143;5112
143;5113
143;5114
143;5115
143;5116
143;5117
143;5118
143;5119
134;511
144;5120
143;5121
143;5122
143;5123
143;5124
143;5125
143;5126
143;5127
143;5128
143;5129
134;512
143;5130
143;5131
143;5132
143;5133
143;5134
143;5135
143;5136
144;5137
144;5138
144;5139
134;513
144;5140
144;5141
144;5142
144;5143
144;5144
144;5145
144;5146
144;5147
143;5148
143;5149
134;514
143;5150
143;5151
143;5152
143;5153
143;5154
143;5155
143;5156
144;5157
144;5158
143;5159
134;515
143;5160
142;5161
142;5162
142;5163
142;5164
143;5165
143;5166
144;5167
144;5168
143;5169
134;516
143;5170
143;5171
144;5172
144;5173
144;5174
144;5175
144;5176
144;5177
144;5178
144;5179
134;517
144;5180
144;5181
144;5182
144;5183
145;5184
145;5185
145;5186
145;5187
145;5188
145;5189
134;518
145;5190
145;5191
145;5192
145;5193
145;5194
145;5195
145;5196
145;5197
145;5198
145;5199
134;519
92;51
145;5200
145;5201
144;5202
144;5203
144;5204
144;5205
144;5206
144;5207
144;5208
144;5209
134;520
144;5210
144;5211
144;5212
144;5213
143;5214
143;5215
143;5216
143;5217
143;5218
143;5219
136;521
144;5220
144;5221
144;5222
143;5223
143;5224
143;5225
143;5226
143;5227
143;5228
143;5229
136;522
143;5230
144;5231
144;5232
144;5233
144;5234
144;5235
144;5236
144;5237
144;5238
144;5239
136;523
144;5240
144;5241
144;5242
145;5243
145;5244
145;5245
143;5246
143;5247
144;5248
144;5249
136;524
144;5250
144;5251
144;5252
144;5253
144;5254
144;5255
144;5256
144;5257
144;5258
144;5259
136;525
144;5260
144;5261
143;5262
143;5263
144;5264
144;5265
144;5266
144;5267
145;5268
145;5269
136;526
145;5270
145;5271
145;5272
145;5273
146;5274
146;5275
146;5276
146;5277
146;5278
146;5279
136;527
146;5280
145;5281
145;5282
145;5283
145;5284
145;5285
145;5286
145;5287
144;5288
144;5289
136;528
144;5290
144;5291
144;5292
143;5293
143;5294
143;5295
143;5296
143;5297
144;5298
145;5299
136;529
93;52
145;5300
145;5301
145;5302
145;5303
145;5304
145;5305
145;5306
145;5307
145;5308
145;5309
136;530
146;5310
146;5311
146;5312
146;5313
146;5314
146;5315
146;5316
147;5317
147;5318
147;5319
136;531
147;5320
147;5321
147;5322
147;5323
147;5324
147;5325
147;5326
147;5327
147;5328
147;5329
136;532
146;5330
146;5331
146;5332
146;5333
145;5334
145;5335
145;5336
145;5337
145;5338
145;5339
136;533
145;5340
145;5341
145;5342
145;5343
145;5344
145;5345
146;5346
146;5347
146;5348
146;5349
136;534
146;5350
146;5351
146;5352
146;5353
146;5354
146;5355
146;5356
146;5357
147;5358
147;5359
136;535
147;5360
147;5361
147;5362
147;5363
148;5364
148;5365
148;5366
147;5367
147;5368
148;5369
136;536
148;5370
149;5371
149;5372
148;5373
149;5374
148;5375
148;5376
147;5377
147;5378
147;5379
136;537
147;5380
147;5381
147;5382
148;5383
148;5384
148;5385
149;5386
150;5387
150;5388
150;5389
136;538
150;5390
150;5391
150;5392
150;5393
150;5394
150;5395
150;5396
150;5397
149;5398
149;5399
136;539
93;53
149;5400
149;5401
149;5402
149;5403
149;5404
149;5405
149;5406
149;5407
149;5408
148;5409
136;540
147;5410
147;5411
147;5412
147;5413
147;5414
147;5415
147;5416
147;5417
147;5418
147;5419
136;541
147;5420
147;5421
147;5422
147;5423
148;5424
148;5425
148;5426
148;5427
148;5428
148;5429
136;542
148;5430
148;5431
148;5432
148;5433
148;5434
148;5435
148;5436
148;5437
149;5438
149;5439
136;543
149;5440
149;5441
149;5442
147;5443
148;5444
148;5445
148;5446
147;5447
147;5448
146;5449
136;544
146;5450
146;5451
146;5452
146;5453
146;5454
146;5455
146;5456
146;5457
146;5458
146;5459
136;545
146;5460
146;5461
146;5462
146;5463
146;5464
146;5465
146;5466
146;5467
146;5468
146;5469
136;546
146;5470
146;5471
146;5472
147;5473
147;5474
147;5475
147;5476
147;5477
147;5478
147;5479
136;547
146;5480
146;5481
146;5482
146;5483
146;5484
146;5485
146;5486
145;5487
145;5488
145;5489
136;548
145;5490
145;5491
145;5492
145;5493
145;5494
145;5495
145;5496
145;5497
145;5498
145;5499
136;549
93;54
145;5500
145;5501
145;5502
145;5503
145;5504
145;5505
145;5506
145;5507
144;5508
145;5509
136;550
145;5510
145;5511
145;5512
146;5513
146;5514
145;5515
145;5516
145;5517
144;5518
144;5519
136;551
144;5520
144;5521
144;5522
144;5523
143;5524
143;5525
143;5526
143;5527
143;5528
143;5529
136;552
143;5530
142;5531
142;5532
142;5533
142;5534
143;5535
144;5536
144;5537
144;5538
143;5539
136;553
143;5540
143;5541
143;5542
142;5543
142;5544
142;5545
142;5546
142;5547
142;5548
142;5549
136;554
142;5550
141;5551
141;5552
141;5553
141;5554
141;5555
141;5556
141;5557
141;5558
140;5559
136;555
141;5560
141;5561
141;5562
141;5563
141;5564
141;5565
141;5566
141;5567
141;5568
140;5569
136;556
141;5570
140;5571
141;5572
141;5573
141;5574
141;5575
141;5576
141;5577
141;5578
141;5579
136;557
141;5580
141;5581
141;5582
141;5583
141;5584
141;5585
141;5586
141;5587
141;5588
141;5589
136;558
141;5590
141;5591
141;5592
141;5593
141;5594
141;5595
141;5596
141;5597
141;5598
141;5599
136;559
93;55
140;5600
140;5601
140;5602
140;5603
140;5604
140;5605
140;5606
140;5607
140;5608
140;5609
136;560
140;5610
141;5611
141;5612
141;5613
140;5614
140;5615
140;5616
140;5617
140;5618
140;5619
136;561
140;5620
140;5621
139;5622
139;5623
139;5624
139;5625
139;5626
139;5627
139;5628
139;5629
136;562
139;5630
139;5631
139;5632
139;5633
139;5634
139;5635
139;5636
139;5637
139;5638
139;5639
136;563
139;5640
139;5641
139;5642
139;5643
140;5644
140;5645
141;5646
141;5647
141;5648
141;5649
136;564
141;5650
141;5651
142;5652
142;5653
142;5654
142;5655
142;5656
143;5657
143;5658
144;5659
136;565
144;5660
144;5661
144;5662
144;5663
144;5664
144;5665
144;5666
144;5667
145;5668
145;5669
136;566
145;5670
145;5671
145;5672
145;5673
145;5674
145;5675
145;5676
145;5677
145;5678
145;5679
136;567
145;5680
145;5681
145;5682
145;5683
147;5684
147;5685
147;5686
147;5687
147;5688
147;5689
136;568
147;5690
147;5691
147;5692
147;5693
147;5694
146;5695
145;5696
145;5697
145;5698
145;5699
136;569
93;56
145;5700
146;5701
146;5702
146;5703
146;5704
146;5705
145;5706
145;5707
145;5708
144;5709
136;570
144;5710
144;5711
144;5712
144;5713
144;5714
144;5715
145;5716
145;5717
144;5718
144;5719
136;571
144;5720
144;5721
144;5722
143;5723
143;5724
144;5725
144;5726
145;5727
145;5728
145;5729
136;572
145;5730
145;5731
145;5732
145;5733
145;5734
145;5735
144;5736
143;5737
144;5738
144;5739
136;573
144;5740
144;5741
144;5742
144;5743
144;5744
145;5745
145;5746
146;5747
147;5748
146;5749
136;574
146;5750
146;5751
146;5752
146;5753
146;5754
146;5755
146;5756
146;5757
146;5758
146;5759
136;575
146;5760
146;5761
146;5762
145;5763
145;5764
145;5765
145;5766
145;5767
145;5768
145;5769
136;576
145;5770
146;5771
146;5772
146;5773
146;5774
146;5775
146;5776
145;5777
145;5778
145;5779
136;577
145;5780
145;5781
144;5782
144;5783
144;5784
144;5785
144;5786
144;5787
144;5788
144;5789
136;578
144;5790
144;5791
144;5792
144;5793
145;5794
147;5795
147;5796
146;5797
146;5798
147;5799
136;579
93;57
147;5800
147;5801
147;5802
147;5803
147;5804
147;5805
147;5806
147;5807
147;5808
146;5809
136;580
146;5810
146;5811
146;5812
146;5813
146;5814
146;5815
146;5816
146;5817
146;5818
146;5819
136;581
147;5820
147;5821
147;5822
147;5823
147;5824
147;5825
147;5826
147;5827
147;5828
147;5829
136;582
147;5830
147;5831
147;5832
147;5833
147;5834
147;5835
147;5836
147;5837
147;5838
148;5839
136;583
148;5840
149;5841
149;5842
149;5843
149;5844
149;5845
149;5846
149;5847
149;5848
149;5849
136;584
149;5850
149;5851
149;5852
149;5853
149;5854
149;5855
149;5856
149;5857
149;5858
149;5859
136;585
149;5860
149;5861
149;5862
148;5863
148;5864
147;5865
147;5866
147;5867
147;5868
147;5869
136;586
146;5870
146;5871
145;5872
145;5873
145;5874
145;5875
145;5876
145;5877
145;5878
145;5879
136;587
145;5880
145;5881
145;5882
145;5883
146;5884
146;5885
146;5886
147;5887
147;5888
147;5889
136;588
147;5890
147;5891
147;5892
146;5893
146;5894
146;5895
146;5896
146;5897
146;5898
146;5899
136;589
94;58
147;5900
147;5901
148;5902
148;5903
148;5904
148;5905
148;5906
148;5907
148;5908
148;5909
136;590
148;5910
148;5911
148;5912
148;5913
148;5914
148;5915
148;5916
148;5917
149;5918
149;5919
136;591
149;5920
149;5921
149;5922
149;5923
149;5924
149;5925
149;5926
149;5927
149;5928
149;5929
136;592
149;5930
149;5931
149;5932
149;5933
149;5934
149;5935
148;5936
148;5937
148;5938
148;5939
136;593
146;5940
146;5941
146;5942
146;5943
146;5944
146;5945
146;5946
146;5947
146;5948
146;5949
136;594
146;5950
146;5951
146;5952
146;5953
146;5954
146;5955
147;5956
147;5957
147;5958
147;5959
136;595
147;5960
147;5961
147;5962
147;5963
147;5964
147;5965
147;5966
147;5967
147;5968
147;5969
136;596
147;5970
147;5971
147;5972
147;5973
146;5974
146;5975
145;5976
145;5977
145;5978
145;5979
136;597
145;5980
145;5981
145;5982
145;5983
145;5984
145;5985
146;5986
146;5987
146;5988
147;5989
136;598
147;5990
147;5991
147;5992
147;5993
147;5994
147;5995
147;5996
147;5997
147;5998
147;5999
136;599
94;59
32;5
147;6000
147;6001
147;6002
147;6003
147;6004
147;6005
147;6006
147;6007
147;6008
148;6009
136;600
148;6010
148;6011
148;6012
148;6013
148;6014
148;6015
148;6016
148;6017
148;6018
148;6019
136;601
148;6020
148;6021
148;6022
148;6023
148;6024
147;6025
146;6026
146;6027
146;6028
146;6029
136;602
146;6030
146;6031
146;6032
146;6033
146;6034
146;6035
146;6036
146;6037
146;6038
146;6039
136;603
146;6040
146;6041
146;6042
146;6043
147;6044
146;6045
146;6046
146;6047
146;6048
146;6049
136;604
147;6050
147;6051
147;6052
146;6053
146;6054
145;6055
144;6056
144;6057
144;6058
144;6059
136;605
144;6060
144;6061
144;6062
144;6063
144;6064
144;6065
144;6066
144;6067
144;6068
144;6069
136;606
144;6070
143;6071
142;6072
142;6073
142;6074
142;6075
142;6076
141;6077
141;6078
141;6079
136;607
141;6080
141;6081
142;6082
142;6083
142;6084
142;6085
142;6086
142;6087
141;6088
141;6089
136;608
141;6090
141;6091
142;6092
142;6093
142;6094
142;6095
142;6096
142;6097
142;6098
142;6099
136;609
95;60
142;6100
142;6101
141;6102
141;6103
141;6104
141;6105
141;6106
141;6107
140;6108
140;6109
136;610
140;6110
140;6111
140;6112
140;6113
140;6114
140;6115
140;6116
140;6117
140;6118
140;6119
136;611
140;6120
140;6121
139;6122
139;6123
139;6124
139;6125
140;6126
140;6127
140;6128
140;6129
136;612
139;6130
139;6131
140;6132
140;6133
140;6134
140;6135
139;6136
139;6137
140;6138
140;6139
136;613
140;6140
140;6141
140;6142
140;6143
140;6144
140;6145
140;6146
140;6147
140;6148
140;6149
136;614
140;6150
140;6151
140;6152
140;6153
140;6154
140;6155
140;6156
139;6157
140;6158
139;6159
136;615
140;6160
140;6161
141;6162
142;6163
142;6164
142;6165
142;6166
142;6167
142;6168
142;6169
136;616
142;6170
142;6171
142;6172
142;6173
143;6174
143;6175
144;6176
144;6177
144;6178
144;6179
136;617
144;6180
144;6181
144;6182
143;6183
143;6184
143;6185
143;6186
141;6187
141;6188
141;6189
136;618
141;6190
141;6191
140;6192
140;6193
140;6194
140;6195
140;6196
140;6197
140;6198
140;6199
136;619
95;61
140;6200
141;6201
141;6202
141;6203
141;6204
141;6205
141;6206
141;6207
142;6208
142;6209
136;620
142;6210
142;6211
142;6212
142;6213
142;6214
142;6215
142;6216
142;6217
142;6218
141;6219
136;621
141;6220
141;6221
141;6222
141;6223
141;6224
140;6225
140;6226
139;6227
139;6228
139;6229
136;622
139;6230
139;6231
138;6232
140;6233
140;6234
141;6235
141;6236
141;6237
141;6238
141;6239
136;623
141;6240
141;6241
141;6242
142;6243
142;6244
142;6245
142;6246
142;6247
142;6248
142;6249
136;624
142;6250
142;6251
142;6252
142;6253
142;6254
142;6255
142;6256
142;6257
142;6258
143;6259
136;625
143;6260
143;6261
143;6262
143;6263
143;6264
143;6265
143;6266
143;6267
143;6268
143;6269
136;626
143;6270
143;6271
143;6272
143;6273
144;6274
144;6275
144;6276
144;6277
144;6278
144;6279
136;627
144;6280
144;6281
144;6282
144;6283
145;6284
145;6285
145;6286
145;6287
145;6288
145;6289
136;628
145;6290
145;6291
145;6292
145;6293
145;6294
145;6295
145;6296
145;6297
145;6298
145;6299
136;629
95;62
145;6300
145;6301
145;6302
145;6303
145;6304
145;6305
145;6306
145;6307
145;6308
146;6309
136;630
146;6310
146;6311
146;6312
146;6313
146;6314
146;6315
146;6316
146;6317
146;6318
146;6319
136;631
146;6320
146;6321
146;6322
146;6323
145;6324
145;6325
145;6326
145;6327
145;6328
145;6329
136;632
146;6330
146;6331
146;6332
146;6333
146;6334
146;6335
145;6336
145;6337
145;6338
144;6339
136;633
144;6340
144;6341
144;6342
144;6343
144;6344
144;6345
144;6346
144;6347
144;6348
144;6349
136;634
144;6350
144;6351
144;6352
144;6353
144;6354
145;6355
145;6356
145;6357
145;6358
145;6359
136;635
145;6360
145;6361
145;6362
145;6363
145;6364
145;6365
145;6366
146;6367
146;6368
146;6369
136;636
146;6370
146;6371
146;6372
145;6373
145;6374
145;6375
145;6376
145;6377
145;6378
145;6379
136;637
145;6380
145;6381
145;6382
145;6383
145;6384
145;6385
145;6386
145;6387
145;6388
145;6389
136;638
145;6390
145;6391
145;6392
145;6393
144;6394
144;6395
144;6396
144;6397
144;6398
144;6399
136;639
97;63
145;6400
145;6401
145;6402
144;6403
144;6404
144;6405
144;6406
144;6407
144;6408
144;6409
136;640
144;6410
143;6411
143;6412
143;6413
143;6414
144;6415
144;6416
144;6417
145;6418
145;6419
136;641
145;6420
145;6421
145;6422
145;6423
145;6424
145;6425
145;6426
145;6427
145;6428
145;6429
136;642
145;6430
146;6431
146;6432
146;6433
146;6434
146;6435
146;6436
146;6437
146;6438
146;6439
136;643
146;6440
146;6441
146;6442
146;6443
146;6444
146;6445
146;6446
146;6447
146;6448
146;6449
137;644
146;6450
147;6451
147;6452
147;6453
147;6454
147;6455
147;6456
147;6457
147;6458
147;6459
137;645
147;6460
147;6461
147;6462
147;6463
148;6464
148;6465
147;6466
147;6467
147;6468
147;6469
137;646
147;6470
148;6471
147;6472
147;6473
147;6474
147;6475
147;6476
147;6477
147;6478
147;6479
137;647
147;6480
147;6481
147;6482
147;6483
147;6484
147;6485
147;6486
149;6487
149;6488
148;6489
137;648
148;6490
148;6491
148;6492
149;6493
150;6494
150;6495
150;6496
149;6497
149;6498
149;6499
137;649
98;64
149;6500
149;6501
149;6502
149;6503
149;6504
150;6505
150;6506
150;6507
150;6508
150;6509
138;650
150;6510
149;6511
149;6512
150;6513
150;6514
150;6515
150;6516
150;6517
150;6518
150;6519
138;651
150;6520
150;6521
150;6522
150;6523
150;6524
150;6525
150;6526
150;6527
150;6528
150;6529
138;652
149;6530
149;6531
149;6532
149;6533
149;6534
149;6535
149;6536
149;6537
149;6538
149;6539
138;653
150;6540
150;6541
150;6542
150;6543
150;6544
150;6545
150;6546
150;6547
151;6548
151;6549
138;654
150;6550
150;6551
150;6552
150;6553
150;6554
150;6555
150;6556
150;6557
150;6558
150;6559
138;655
150;6560
150;6561
150;6562
150;6563
150;6564
150;6565
150;6566
150;6567
150;6568
150;6569
138;656
150;6570
150;6571
150;6572
150;6573
149;6574
149;6575
149;6576
149;6577
149;6578
149;6579
138;657
149;6580
149;6581
149;6582
149;6583
149;6584
149;6585
149;6586
149;6587
149;6588
149;6589
138;658
149;6590
149;6591
149;6592
149;6593
149;6594
149;6595
148;6596
148;6597
148;6598
148;6599
138;659
98;65
146;6600
146;6601
146;6602
146;6603
146;6604
146;6605
146;6606
145;6607
145;6608
144;6609
138;660
144;6610
144;6611
144;6612
144;6613
145;6614
146;6615
144;6616
144;6617
144;6618
144;6619
138;661
144;6620
144;6621
144;6622
144;6623
143;6624
143;6625
143;6626
143;6627
143;6628
143;6629
138;662
144;6630
144;6631
144;6632
144;6633
143;6634
144;6635
143;6636
143;6637
143;6638
143;6639
138;663
143;6640
143;6641
142;6642
142;6643
142;6644
142;6645
142;6646
142;6647
142;6648
142;6649
138;664
142;6650
142;6651
143;6652
143;6653
144;6654
145;6655
145;6656
145;6657
145;6658
145;6659
138;665
145;6660
145;6661
144;6662
144;6663
144;6664
144;6665
144;6666
144;6667
144;6668
145;6669
138;666
145;6670
145;6671
145;6672
145;6673
145;6674
145;6675
145;6676
145;6677
145;6678
145;6679
138;667
145;6680
145;6681
145;6682
145;6683
145;6684
145;6685
146;6686
146;6687
146;6688
146;6689
138;668
146;6690
146;6691
146;6692
146;6693
146;6694
146;6695
146;6696
146;6697
146;6698
146;6699
138;669
103;66
146;6700
146;6701
146;6702
146;6703
146;6704
146;6705
145;6706
145;6707
144;6708
143;6709
138;670
143;6710
143;6711
143;6712
142;6713
142;6714
142;6715
142;6716
142;6717
142;6718
142;6719
138;671
142;6720
142;6721
141;6722
141;6723
141;6724
141;6725
141;6726
141;6727
141;6728
141;6729
138;672
141;6730
141;6731
141;6732
141;6733
141;6734
141;6735
141;6736
143;6737
143;6738
143;6739
138;673
143;6740
143;6741
143;6742
143;6743
143;6744
143;6745
143;6746
143;6747
143;6748
143;6749
138;674
143;6750
143;6751
143;6752
143;6753
143;6754
143;6755
143;6756
143;6757
143;6758
143;6759
138;675
143;6760
142;6761
142;6762
141;6763
141;6764
141;6765
140;6766
140;6767
141;6768
141;6769
138;676
141;6770
141;6771
141;6772
141;6773
141;6774
141;6775
141;6776
141;6777
141;6778
141;6779
138;677
142;6780
143;6781
143;6782
143;6783
143;6784
143;6785
143;6786
144;6787
144;6788
144;6789
138;678
144;6790
144;6791
143;6792
143;6793
143;6794
143;6795
143;6796
143;6797
144;6798
144;6799
138;679
104;67
144;6800
144;6801
144;6802
144;6803
144;6804
144;6805
144;6806
144;6807
144;6808
144;6809
138;680
144;6810
144;6811
144;6812
144;6813
144;6814
144;6815
144;6816
144;6817
144;6818
144;6819
138;681
144;6820
144;6821
144;6822
144;6823
144;6824
144;6825
143;6826
143;6827
143;6828
143;6829
138;682
143;6830
144;6831
144;6832
144;6833
144;6834
144;6835
144;6836
144;6837
143;6838
143;6839
138;683
144;6840
144;6841
145;6842
145;6843
145;6844
145;6845
145;6846
145;6847
145;6848
145;6849
138;684
145;6850
145;6851
145;6852
145;6853
145;6854
144;6855
144;6856
144;6857
144;6858
144;6859
138;685
144;6860
144;6861
144;6862
144;6863
144;6864
144;6865
144;6866
144;6867
144;6868
144;6869
138;686
144;6870
144;6871
144;6872
144;6873
144;6874
144;6875
144;6876
144;6877
144;6878
144;6879
138;687
144;6880
145;6881
145;6882
145;6883
144;6884
144;6885
144;6886
143;6887
143;6888
143;6889
138;688
143;6890
142;6891
142;6892
142;6893
142;6894
142;6895
142;6896
142;6897
142;6898
142;6899
138;689
104;68
141;6900
141;6901
141;6902
140;6903
140;6904
140;6905
141;6906
141;6907
141;6908
141;6909
138;690
141;6910
141;6911
141;6912
141;6913
141;6914
141;6915
141;6916
141;6917
141;6918
141;6919
138;691
141;6920
141;6921
141;6922
141;6923
141;6924
141;6925
141;6926
141;6927
141;6928
141;6929
138;692
141;6930
141;6931
141;6932
141;6933
141;6934
141;6935
141;6936
140;6937
140;6938
140;6939
138;693
140;6940
140;6941
140;6942
140;6943
140;6944
140;6945
140;6946
140;6947
141;6948
141;6949
138;694
141;6950
142;6951
142;6952
142;6953
142;6954
142;6955
142;6956
142;6957
142;6958
142;6959
138;695
142;6960
142;6961
142;6962
143;6963
143;6964
144;6965
144;6966
144;6967
144;6968
144;6969
138;696
144;6970
144;6971
144;6972
144;6973
144;6974
144;6975
144;6976
144;6977
144;6978
144;6979
138;697
144;6980
145;6981
145;6982
145;6983
145;6984
145;6985
145;6986
145;6987
145;6988
146;6989
139;698
146;6990
146;6991
146;6992
146;6993
146;6994
146;6995
146;6996
146;6997
146;6998
146;6999
139;699
104;69
38;6
147;7000
147;7001
147;7002
147;7003
147;7004
147;7005
147;7006
147;7007
147;7008
147;7009
139;700
147;7010
147;7011
147;7012
147;7013
147;7014
147;7015
147;7016
147;7017
148;7018
148;7019
139;701
148;7020
148;7021
148;7022
148;7023
148;7024
148;7025
148;7026
148;7027
148;7028
148;7029
139;702
148;7030
148;7031
148;7032
148;7033
148;7034
148;7035
148;7036
148;7037
148;7038
148;7039
139;703
148;7040
148;7041
148;7042
147;7043
147;7044
147;7045
147;7046
147;7047
147;7048
147;7049
139;704
147;7050
147;7051
147;7052
147;7053
147;7054
147;7055
146;7056
146;7057
146;7058
146;7059
139;705
147;7060
147;7061
147;7062
147;7063
147;7064
147;7065
147;7066
147;7067
148;7068
149;7069
139;706
150;7070
150;7071
150;7072
150;7073
150;7074
150;7075
151;7076
151;7077
151;7078
151;7079
139;707
151;7080
151;7081
150;7082
149;7083
149;7084
149;7085
150;7086
150;7087
150;7088
150;7089
139;708
150;7090
150;7091
150;7092
150;7093
149;7094
149;7095
149;7096
149;7097
149;7098
149;7099
139;709
104;70
147;7100
146;7101
146;7102
146;7103
146;7104
148;7105
148;7106
148;7107
148;7108
148;7109
139;710
148;7110
148;7111
148;7112
148;7113
149;7114
149;7115
150;7116
150;7117
150;7118
150;7119
139;711
150;7120
150;7121
151;7122
151;7123
151;7124
151;7125
151;7126
150;7127
151;7128
151;7129
139;712
151;7130
151;7131
151;7132
152;7133
152;7134
152;7135
152;7136
152;7137
152;7138
152;7139
139;713
152;7140
152;7141
151;7142
151;7143
152;7144
152;7145
152;7146
152;7147
152;7148
152;7149
139;714
152;7150
151;7151
151;7152
151;7153
152;7154
152;7155
152;7156
152;7157
153;7158
153;7159
139;715
153;7160
153;7161
153;7162
153;7163
153;7164
153;7165
153;7166
153;7167
153;7168
153;7169
139;716
153;7170
153;7171
153;7172
153;7173
153;7174
152;7175
153;7176
153;7177
153;7178
153;7179
139;717
153;7180
153;7181
153;7182
152;7183
153;7184
153;7185
153;7186
153;7187
153;7188
153;7189
139;718
153;7190
153;7191
153;7192
153;7193
153;7194
153;7195
153;7196
153;7197
153;7198
153;7199
139;719
104;71
153;7200
153;7201
153;7202
153;7203
153;7204
153;7205
153;7206
153;7207
153;7208
153;7209
139;720
153;7210
153;7211
153;7212
153;7213
153;7214
153;7215
153;7216
153;7217
153;7218
153;7219
139;721
153;7220
153;7221
154;7222
154;7223
154;7224
154;7225
154;7226
154;7227
154;7228
154;7229
139;722
154;7230
154;7231
154;7232
154;7233
154;7234
154;7235
154;7236
154;7237
155;7238
155;7239
139;723
156;7240
156;7241
156;7242
156;7243
156;7244
156;7245
156;7246
156;7247
156;7248
156;7249
139;724
156;7250
156;7251
156;7252
156;7253
157;7254
157;7255
157;7256
157;7257
156;7258
156;7259
139;725
156;7260
156;7261
156;7262
156;7263
156;7264
156;7265
156;7266
156;7267
157;7268
157;7269
139;726
157;7270
157;7271
157;7272
157;7273
156;7274
156;7275
156;7276
156;7277
156;7278
156;7279
139;727
156;7280
156;7281
156;7282
156;7283
156;7284
156;7285
156;7286
156;7287
156;7288
156;7289
139;728
156;7290
156;7291
156;7292
156;7293
156;7294
156;7295
156;7296
156;7297
156;7298
156;7299
139;729
104;72
156;7300
155;7301
155;7302
154;7303
155;7304
154;7305
154;7306
154;7307
154;7308
154;7309
139;730
154;7310
154;7311
154;7312
154;7313
154;7314
154;7315
154;7316
154;7317
154;7318
154;7319
139;731
154;7320
154;7321
154;7322
154;7323
154;7324
154;7325
154;7326
154;7327
154;7328
154;7329
139;732
154;7330
154;7331
154;7332
154;7333
154;7334
154;7335
153;7336
153;7337
153;7338
153;7339
139;733
153;7340
153;7341
153;7342
154;7343
154;7344
154;7345
154;7346
154;7347
154;7348
154;7349
139;734
154;7350
154;7351
154;7352
154;7353
154;7354
154;7355
154;7356
154;7357
154;7358
155;7359
139;735
155;7360
155;7361
155;7362
155;7363
154;7364
154;7365
154;7366
154;7367
154;7368
154;7369
139;736
154;7370
154;7371
154;7372
154;7373
154;7374
154;7375
154;7376
154;7377
154;7378
154;7379
139;737
154;7380
154;7381
154;7382
154;7383
154;7384
154;7385
154;7386
154;7387
154;7388
154;7389
139;738
154;7390
154;7391
154;7392
154;7393
154;7394
154;7395
154;7396
153;7397
153;7398
153;7399
139;739
104;73
153;7400
153;7401
153;7402
153;7403
153;7404
153;7405
153;7406
152;7407
152;7408
152;7409
139;740
152;7410
152;7411
152;7412
152;7413
152;7414
152;7415
152;7416
152;7417
152;7418
152;7419
139;741
151;7420
151;7421
151;7422
151;7423
151;7424
151;7425
151;7426
151;7427
151;7428
151;7429
139;742
151;7430
151;7431
151;7432
151;7433
149;7434
149;7435
149;7436
149;7437
149;7438
149;7439
139;743
149;7440
149;7441
148;7442
148;7443
148;7444
148;7445
147;7446
147;7447
147;7448
147;7449
139;744
147;7450
147;7451
147;7452
147;7453
147;7454
147;7455
147;7456
147;7457
147;7458
147;7459
139;745
147;7460
147;7461
147;7462
147;7463
147;7464
147;7465
148;7466
148;7467
148;7468
148;7469
139;746
149;7470
149;7471
149;7472
149;7473
149;7474
149;7475
150;7476
150;7477
150;7478
150;7479
139;747
150;7480
150;7481
150;7482
150;7483
150;7484
150;7485
150;7486
150;7487
150;7488
149;7489
139;748
149;7490
149;7491
149;7492
149;7493
149;7494
149;7495
149;7496
149;7497
149;7498
149;7499
139;749
104;74
149;7500
149;7501
149;7502
149;7503
149;7504
149;7505
149;7506
151;7507
151;7508
151;7509
138;750
151;7510
151;7511
151;7512
151;7513
151;7514
151;7515
151;7516
151;7517
151;7518
151;7519
138;751
151;7520
151;7521
151;7522
150;7523
150;7524
150;7525
150;7526
150;7527
150;7528
150;7529
138;752
150;7530
150;7531
150;7532
150;7533
150;7534
150;7535
151;7536
151;7537
151;7538
151;7539
138;753
151;7540
151;7541
151;7542
151;7543
151;7544
151;7545
153;7546
153;7547
153;7548
153;7549
138;754
153;7550
153;7551
153;7552
153;7553
153;7554
153;7555
153;7556
153;7557
153;7558
153;7559
138;755
153;7560
153;7561
153;7562
153;7563
153;7564
152;7565
152;7566
152;7567
152;7568
152;7569
138;756
152;7570
152;7571
152;7572
152;7573
152;7574
152;7575
152;7576
152;7577
152;7578
152;7579
138;757
151;7580
151;7581
151;7582
151;7583
151;7584
151;7585
151;7586
150;7587
150;7588
150;7589
138;758
150;7590
150;7591
150;7592
151;7593
151;7594
151;7595
151;7596
150;7597
149;7598
149;7599
138;759
104;75
149;7600
149;7601
149;7602
149;7603
149;7604
149;7605
149;7606
149;7607
149;7608
149;7609
139;760
149;7610
149;7611
149;7612
148;7613
149;7614
149;7615
149;7616
149;7617
149;7618
148;7619
139;761
148;7620
148;7621
148;7622
148;7623
148;7624
148;7625
148;7626
148;7627
148;7628
148;7629
139;762
148;7630
149;7631
149;7632
149;7633
150;7634
150;7635
150;7636
150;7637
150;7638
150;7639
139;763
150;7640
150;7641
150;7642
150;7643
150;7644
150;7645
150;7646
150;7647
150;7648
150;7649
139;764
150;7650
150;7651
150;7652
150;7653
150;7654
150;7655
150;7656
150;7657
150;7658
150;7659
138;765
150;7660
150;7661
150;7662
150;7663
149;7664
149;7665
149;7666
149;7667
149;7668
149;7669
138;766
148;7670
148;7671
148;7672
148;7673
148;7674
148;7675
149;7676
149;7677
149;7678
149;7679
138;767
149;7680
149;7681
149;7682
149;7683
149;7684
149;7685
149;7686
149;7687
149;7688
149;7689
138;768
149;7690
149;7691
148;7692
149;7693
149;7694
150;7695
150;7696
150;7697
150;7698
150;7699
138;769
104;76
150;7700
150;7701
150;7702
150;7703
150;7704
150;7705
150;7706
150;7707
150;7708
150;7709
138;770
150;7710
150;7711
150;7712
151;7713
151;7714
151;7715
151;7716
151;7717
151;7718
151;7719
137;771
151;7720
151;7721
151;7722
151;7723
151;7724
151;7725
150;7726
150;7727
150;7728
150;7729
137;772
150;7730
150;7731
150;7732
150;7733
150;7734
150;7735
150;7736
150;7737
150;7738
151;7739
137;773
151;7740
151;7741
151;7742
151;7743
151;7744
151;7745
151;7746
151;7747
151;7748
151;7749
138;774
151;7750
151;7751
151;7752
151;7753
152;7754
152;7755
152;7756
152;7757
151;7758
151;7759
138;775
150;7760
150;7761
150;7762
150;7763
149;7764
150;7765
150;7766
150;7767
151;7768
151;7769
138;776
151;7770
152;7771
152;7772
152;7773
152;7774
152;7775
152;7776
152;7777
152;7778
152;7779
138;777
152;7780
152;7781
152;7782
152;7783
152;7784
152;7785
152;7786
152;7787
152;7788
152;7789
138;778
152;7790
153;7791
153;7792
153;7793
153;7794
153;7795
152;7796
151;7797
151;7798
151;7799
138;779
104;77
151;7800
151;7801
151;7802
152;7803
152;7804
152;7805
152;7806
151;7807
151;7808
151;7809
138;780
151;7810
151;7811
151;7812
150;7813
150;7814
150;7815
150;7816
150;7817
150;7818
150;7819
138;781
150;7820
150;7821
149;7822
148;7823
148;7824
148;7825
148;7826
147;7827
146;7828
146;7829
138;782
146;7830
146;7831
146;7832
146;7833
146;7834
145;7835
145;7836
145;7837
145;7838
145;7839
138;783
145;7840
146;7841
146;7842
147;7843
147;7844
147;7845
147;7846
147;7847
147;7848
147;7849
138;784
147;7850
147;7851
147;7852
147;7853
147;7854
147;7855
147;7856
148;7857
148;7858
148;7859
138;785
148;7860
148;7861
148;7862
147;7863
147;7864
147;7865
148;7866
148;7867
148;7868
148;7869
138;786
148;7870
148;7871
148;7872
148;7873
148;7874
148;7875
148;7876
148;7877
148;7878
148;7879
138;787
148;7880
148;7881
148;7882
148;7883
148;7884
148;7885
148;7886
148;7887
148;7888
148;7889
138;788
148;7890
149;7891
147;7892
147;7893
147;7894
147;7895
148;7896
148;7897
148;7898
148;7899
138;789
104;78
148;7900
147;7901
147;7902
147;7903
147;7904
147;7905
147;7906
147;7907
148;7908
148;7909
138;790
148;7910
149;7911
149;7912
149;7913
149;7914
149;7915
149;7916
149;7917
149;7918
149;7919
138;791
150;7920
151;7921
151;7922
152;7923
152;7924
153;7925
153;7926
152;7927
152;7928
152;7929
138;792
152;7930
152;7931
152;7932
152;7933
152;7934
152;7935
152;7936
152;7937
152;7938
152;7939
138;793
152;7940
152;7941
152;7942
152;7943
152;7944
152;7945
152;7946
152;7947
152;7948
152;7949
138;794
152;7950
151;7951
151;7952
152;7953
152;7954
152;7955
138;795
138;796
138;797
138;798
138;799
107;79
41;7
138;800
138;801
138;802
138;803
138;804
138;805
138;806
137;807
137;808
136;809
107;80
136;810
136;811
136;812
136;813
136;814
137;815
137;816
137;817
137;818
137;819
108;81
137;820
137;821
137;822
137;823
137;824
137;825
137;826
137;827
137;828
137;829
108;82
137;830
137;831
137;832
137;833
137;834
137;835
137;836
137;837
137;838
137;839
108;83
137;840
137;841
137;842
137;843
137;844
137;845
137;846
137;847
137;848
137;849
108;84
137;850
137;851
137;852
137;853
137;854
137;855
137;856
137;857
137;858
137;859
108;85
138;860
138;861
138;862
138;863
138;864
138;865
138;866
138;867
138;868
138;869
108;86
138;870
138;871
138;872
138;873
138;874
138;875
138;876
138;877
138;878
138;879
108;87
138;880
138;881
138;882
138;883
138;884
138;885
138;886
138;887
138;888
138;889
108;88
138;890
138;891
138;892
138;893
138;894
138;895
137;896
137;897
137;898
137;899
108;89
45;8
137;900
137;901
137;902
137;903
137;904
137;905
137;906
137;907
137;908
137;909
108;90
137;910
137;911
137;912
137;913
137;914
137;915
137;916
137;917
137;918
137;919
108;91
137;920
137;921
137;922
137;923
137;924
137;925
137;926
138;927
138;928
138;929
108;92
138;930
138;931
138;932
138;933
138;934
138;935
138;936
138;937
138;938
138;939
109;93
138;940
138;941
138;942
138;943
138;944
138;945
137;946
137;947
137;948
137;949
109;94
137;950
137;951
137;952
137;953
137;954
136;955
136;956
136;957
136;958
136;959
110;95
136;960
136;961
136;962
136;963
136;964
136;965
136;966
136;967
136;968
136;969
110;96
136;970
137;971
137;972
137;973
137;974
137;975
137;976
137;977
137;978
137;979
110;97
137;980
137;981
137;982
137;983
137;984
136;985
136;986
136;987
136;988
136;989
110;98
136;990
136;991
136;992
135;993
136;994
135;995
135;996
135;997
135;998
135;999
110;99
48;9
