evolution$generation,relocationRate,gammaCDA,gammaCDE,betaDC,scenario,opositeRelativeAccessibility,nwCongestion,evolution$samples
4177,0.012581561681608065,0.5409012883055976,0.14087766303905933,0.1486801509193258,5,0.012186527613804288,0.13294966706783573,100
4177,0.012581561681608065,0.5409012883055976,0.14087766303905933,0.1486801509193258,1,0.01282186989968026,0.10550181801752018,100
4177,0.015304573867533033,0.40248035560285905,0.339922259169026,0.9028289043620549,6,0.019596916300417377,0.1610574296366546,100
4177,0.0,0.8606517155783567,0.7899501990823244,1.5387949554873377,7,-7.771561172376096E-16,0.13520151250607046,100
4177,0.0,0.5896149569041531,0.4119715708181945,3.21066918406265,5,0.0,0.1475599489934039,100
4177,0.015304573867533032,0.40248035560285905,0.339922259169026,0.902828904362055,5,0.019208311457412308,0.16639271364383382,100
4177,0.012581561681608065,0.5409012883055976,0.14087766303905933,0.1486801509193258,6,0.015306058667806322,0.131628120501922,100
4177,0.0,0.9208578129031421,0.22412023972899672,4.246794486088261,1,-2.4424906541753444E-15,0.14906091716405023,100
4177,0.0,0.8406231254596152,0.0,2.53225924021665,7,3.3306690738754696E-16,0.19857790111271645,100
4177,0.0,0.9999999999999999,0.19999694824218747,2.53225924021665,5,4.440892098500626E-16,0.12379838662985558,100
4177,0.0,0.6770572365235309,0.5420006360198896,2.086538726556694,4,1.3322676295501878E-15,0.11232821132608714,100
4177,0.9251240838348186,0.8646084975757998,0.5029066859337749,4.974879735074979,3,0.0171425599897303,0.03874086832957709,100
4177,0.0,0.5896149569041531,0.4119715708181946,3.2106691840626507,1,-1.1102230246251565E-15,0.1109841852374259,100
4177,0.0,0.27247134028836534,0.5403575719752589,2.498362278244507,5,3.3306690738754696E-16,0.07163591804304544,100
4177,0.014044368296601382,0.828593719554663,0.5558033669933501,1.824544095874487,1,0.009474828562430204,0.14604048087581192,100
4177,0.0,0.174716926648903,0.0,2.602543499941856,7,-6.661338147750939E-16,0.17904129267377047,100
4177,0.0,0.6539223514583944,0.0,1.6935722555197301,1,7.771561172376096E-16,0.12012982955647601,100
4177,0.007439285862930855,0.6539223514583944,0.9999999999999999,1.6935722555197301,5,0.006457207538807519,0.12516944504675134,100
4177,0.007439285862930855,0.6539223514583945,0.24451139517576334,1.6935722555197301,1,0.011252025064272697,0.1334692907758583,100
4177,0.01123972531162165,0.989229698816883,0.04670579146386177,3.4389443147582086,1,0.006368864326359747,0.13971774418589292,100
4177,0.728563071195951,0.6187466862956094,0.9346693743436616,4.946464141380789,5,0.018094498199236142,0.03837570759272122,100
4177,0.0068140068114213035,0.6215068470431853,0.6922322471496997,3.699180715334114,1,0.008045076699306264,0.1965914704055507,100
4177,0.0314528463506114,0.8741454291886299,0.3567358252159684,3.6553827148176485,7,0.012103740070588787,0.12124214408156224,100
4177,0.0,0.2073750820732299,0.2817712079549612,2.1879325581229736,6,-1.5543122344752192E-15,0.19821293409900567,100
4177,0.0,0.0,0.9999999999999999,0.8568603346099171,5,-1.1102230246251565E-15,0.10945308053226036,100
4177,0.038892345403274575,0.9999999999999999,0.06707766261729038,3.9024963415228826,1,0.016036688938253718,0.0994699547166017,100
4177,0.0,0.6112307228699206,0.0,0.0,7,-1.5543122344752192E-15,0.12385517656734284,100
4177,0.006814006811421303,0.6215068470431852,0.6922322471496997,3.699180715334114,5,0.011169811396940288,0.09966375084944057,100
4177,0.0,0.45312354228473045,0.7795364057350138,2.0721804658816523,1,-4.440892098500626E-16,0.12842198877238079,100
4177,0.006814006811421303,0.6215068470431852,0.6922322471496997,3.699180715334114,3,0.011223480087860671,0.11761975407415096,100
4177,0.0,0.4590718552687005,0.9061061278134596,3.05759227397999,4,-8.881784197001252E-16,0.17789392114648792,100
4177,0.0,0.9410761258176484,0.8490713304009727,2.9054384720825284,7,-2.220446049250313E-16,0.15699844830968615,100
4177,0.0,0.5444684377849089,0.13905711311295646,0.0,7,1.1102230246251565E-16,0.16366391963237753,100
4177,0.0,0.8587631919784233,0.8534651925586533,1.901480214457851,5,0.0,0.16430566803811866,100
4177,0.012595555306256138,0.9082628881833014,0.7673234667083693,3.815703749354304,1,0.0041728420577547,0.1341122464401472,100
4177,0.006814006811421302,0.6215068470431852,0.6922322471496997,3.699180715334114,7,0.004747785676262328,0.13290069661235177,100
4177,0.014038840398942208,0.8435343488976242,0.8045345774020115,4.370130241148496,7,8.406955330647614E-4,0.18165156924480613,100
4177,0.0,0.6736357386025803,0.3364645349327234,4.999999999999998,4,1.1102230246251565E-16,0.16108998714715883,100
4177,0.0,0.07496658083673212,0.6788631061146414,4.999999999999998,5,-1.1102230246251565E-15,0.12162731474034379,100
4177,0.0,0.9999999999999999,0.9057037820633669,4.020050427363814,7,3.3306690738754696E-16,0.11966412906517597,100
4177,0.0,0.6976531210643908,0.4827875275123534,2.364222017406406,3,-6.661338147750939E-16,0.1685472382652576,100
4177,0.0,0.7129863396173063,0.6278577687527023,2.2320130757219823,7,5.551115123125783E-16,0.1259055176381649,100
4177,0.0,0.573668355457325,0.40559287352828227,4.824376388023196,5,-1.1102230246251565E-15,0.16462708593450537,100
4177,0.0,0.9999999999999999,0.0,2.756411356667754,5,-2.220446049250313E-16,0.08228439884127592,100
4177,0.0,0.7130811151572632,0.2891437129333067,4.075804366657097,5,7.771561172376096E-16,0.05186589049627868,100
4177,0.0,0.6659000919970758,0.9999999999999999,1.64237957927994,7,2.220446049250313E-16,0.14763320401996427,100
4177,0.013632405192444795,0.7878922914734452,0.9866439556003481,0.23361591546137594,1,0.011841711787312192,0.10257310084362421,100
4177,0.013632405192444795,0.7878922914734453,0.986643955600348,0.23361591546137586,5,0.010315344936640658,0.10575241015564883,100
4177,0.0,0.12201942743254145,0.4047680567488194,3.3371198873898464,6,-1.3322676295501878E-15,0.1702329040252226,100
4177,0.0,0.6340149082130287,0.24908606564057065,0.0,7,-1.1102230246251565E-15,0.13604472673915838,100
4177,0.013632405192444795,0.7878922914734453,0.9866439556003481,0.2336159154613759,7,0.016898634665276857,0.11692772422523043,100
4177,0.0,0.7788141949452208,0.07105629374482422,3.523683661544746,7,-8.881784197001252E-16,0.13529853275804227,100
4177,0.1732119482889015,0.7328240355849557,0.5597449428037119,4.999999999999998,5,0.0170178692385764,0.031000954019155244,100
4177,0.0,0.0,0.5362216013059673,2.4026272479008783,1,-6.661338147750939E-16,0.134578574499058,100
4177,0.03120410377380386,0.9176787978471775,0.7929620206275028,4.24239899567753,6,0.01222571591562338,0.11332705600050388,100
4177,0.0,0.9607491865434051,0.6988715563481946,1.3312954567223467,5,-1.5543122344752192E-15,0.15173631335565557,100
4177,0.09354536479428051,0.9873332182165039,0.9999999999999999,3.7912651822732815,1,0.01959365045705197,0.07906615108776407,100
4177,0.0,0.9999999999999999,0.26973862226733797,2.9594198728815635,7,-2.220446049250313E-16,0.16777389161717704,100
4177,0.0018430451290031421,0.8989226172054712,0.7898613195556103,2.1446480275259674,1,0.0014164753536783925,0.13173702096022002,100
4177,0.5204687888865692,0.8639042773059571,0.8622775644741613,4.999999999999998,7,0.006740634163811765,0.015074143481761665,100
4177,0.0,0.4143754349834858,0.9999999999999999,2.9287273826048446,5,-2.220446049250313E-16,0.08118580948241334,100
4177,0.0,0.8653282826284895,0.8584032156921638,4.999999999999998,5,1.2212453270876722E-15,0.10601954477689428,100
4177,0.0084186402007812,0.7023880274341463,0.7372315970802813,1.896966316296608,5,0.00855964256853814,0.09553485908806637,100
4177,0.6438993677694206,0.9043004668741168,0.4383147904396268,4.999999999999998,7,0.01730847737707575,0.03151446556982018,100
4177,0.0,0.5683560353604694,0.5848019919282978,4.113645936226193,1,-1.1102230246251565E-15,0.1176837536610234,100
4177,0.0,0.761116723751022,0.8926331614729809,1.9028674034232516,7,-1.5543122344752192E-15,0.1774879925712467,100
4177,0.0,0.6713724850691574,0.4842467642197962,0.0,5,2.220446049250313E-16,0.12492503727711539,100
4177,0.0,0.8513680805325106,0.7347230894242895,1.499673290509763,5,-4.440892098500626E-16,0.11496698308517603,100
4177,0.0,0.1623521409666213,0.9658716357723934,4.999999999999998,1,-8.881784197001252E-16,0.15501818044764218,100
4177,0.0,0.6039685688461132,0.3041903810858169,0.0,7,-6.661338147750939E-16,0.16776875223085524,100
4177,0.0,0.0,0.7777416372504916,1.3015423702519409,5,3.3306690738754696E-16,0.11204150040966541,100
4177,0.018363880841112065,0.9387279142501904,0.0,0.0,1,0.013981070272502394,0.09480393245257748,100
4177,0.0,0.5137822970971192,0.505752467714274,4.999999999999998,7,-4.440892098500626E-16,0.14542974625447652,100
4177,0.0,0.01176310907301977,0.6370892521440231,1.7650786819700353,6,-1.3322676295501878E-15,0.19810798579796662,100
4177,0.0,0.6720894242819213,0.0,2.198505289840834,4,-4.440892098500626E-16,0.1357673621567739,100
4177,0.24860688292940478,0.7927910366581975,0.804278587768514,4.740613774549077,5,0.008140611431407652,0.11124968197846428,100
4177,0.0,0.7562348412317459,0.6424573023877751,2.694427488485644,7,-4.440892098500626E-16,0.13917641793862806,100
4177,0.04869412420469684,0.9392842678789548,0.8818791174594802,4.339816895591283,1,0.011024689386382791,0.09885549382463657,100
4177,0.4377935261301098,0.9880061184512265,0.7041912110969328,4.866336498014886,1,0.016373543178657357,0.018801186258450134,100
4177,0.0,0.34257084033948665,0.5318548456819934,2.4923167870605814,7,-2.220446049250313E-16,0.14080845171370315,100
4177,0.0,0.41018546501993675,0.624309763462562,0.0,5,8.881784197001252E-16,0.11662916625646381,100
4177,0.012591083508673113,0.4963970358324113,0.33703882297941695,1.0098459339208625,5,0.013670106737909027,0.09946742255661378,100
4177,0.0,0.8305367045200781,0.30861720883460664,0.4785459316524894,1,-4.440892098500626E-16,0.15866890087037241,100
4177,0.0,0.486270865100802,0.8926777470976651,2.4370521199659874,1,6.661338147750939E-16,0.14716172675169,100
4177,0.0,0.5070372840810119,0.2564739019967236,0.20626392685614559,5,-2.220446049250313E-16,0.09773417675749582,100
4177,0.0,0.0,0.36686263646904993,1.7242859663848702,5,-4.440892098500626E-16,0.09032633030314033,100
4177,0.0,0.0,0.07251986445449062,2.6132316124953534,6,-2.4424906541753444E-15,0.19720039117397278,100
4177,0.0,0.5659592266715683,0.40933243405923414,2.8762585262631415,5,6.661338147750939E-16,0.10232956402955903,100
4177,0.0,0.7716699291413223,0.8557789132680843,2.3854658688331845,4,-1.7763568394002505E-15,0.18645671345778073,100
4177,0.9294043778363764,0.8515507051437881,0.9999999999999999,4.999999999999998,7,0.018620043164244926,0.04562904874217362,100
4177,0.0,0.8508672860263398,0.3243912502125807,0.0,7,-6.661338147750939E-16,0.12817992234662273,100
4177,0.0,0.3854280534685076,0.0,1.9686433368664145,5,-1.1102230246251565E-15,0.16294613121539703,100
4177,0.9999999999999999,0.9449523293598547,0.9999999999999999,4.901676352604083,1,0.005600428861818774,0.010463708389334718,100
4177,0.0,0.11356189386575587,0.273335290907452,3.727026152408682,5,-4.440892098500626E-16,0.08863287962322941,100
4177,0.0,0.17037148767478846,0.0969664681201655,0.0,5,-2.220446049250313E-16,0.11156822258503583,100
4177,0.0,0.9999999999999999,0.08020942582815514,2.993589362407034,1,1.1102230246251565E-16,0.1050862249184878,100
4177,0.0,0.9999999999999999,0.9999999999999999,2.6973700602866697,5,3.3306690738754696E-16,0.10816817399270197,100
4177,0.0,0.5264228117202656,0.5120526093726843,4.307957219753405,5,-6.661338147750939E-16,0.12372569403822523,100
4177,0.0,0.45147066495672766,0.4245269822211376,0.0,5,-1.9984014443252818E-15,0.11034297940511506,100
4177,0.0,0.9815866538723005,0.05626273189117442,3.522867754106361,6,4.440892098500626E-16,0.1038473007471832,100
4177,0.0,0.8489663644360996,0.7912279089843375,1.7146188856271616,4,-1.9984014443252818E-15,0.1917803921387299,100
4177,0.0,0.5334966725282271,0.0,0.0,3,-8.881784197001252E-16,0.15303813830727284,100
4177,0.0,0.7581008328160013,0.21371965914185112,3.1457419133309528,5,9.992007221626409E-16,0.09520644453191521,100
4177,0.0,0.9999999999999999,0.2087359813474374,0.2781479274912534,5,0.0,0.09152408780026411,100
4177,0.0,0.8499417193958969,0.4706860649655999,2.4418998506712493,5,-1.5543122344752192E-15,0.09093998573475667,100
4177,0.0,0.6434893671035463,0.4166281622166536,0.21642351843847885,5,2.220446049250313E-16,0.06875096398587097,100
4177,0.8874227160342114,0.7948309209178295,0.9999999999999999,4.6816675051338414,3,0.014895745117689652,0.08461988730743057,100
4177,0.0,0.7465404105602717,0.3491148776613245,4.158483533756472,7,-1.1102230246251565E-15,0.11871287495731553,100
4177,0.0,0.09595876768872937,0.6260608714712037,4.753655072576274,5,5.551115123125783E-16,0.10365408921504053,100
4177,0.7056502651762494,0.8996984164797591,0.9999999999999999,4.999999999999998,1,0.00799027757993731,0.01825532833505763,100
4177,0.04610601983505118,0.8622341668192872,0.6924205182604607,4.999999999999998,5,3.1723992773324827E-4,0.06871010256338328,100
4177,0.0,0.9167786013363669,0.9100541063258172,3.6431353122662724,5,-4.440892098500626E-16,0.08991881056391347,100
4177,0.0016094760495127603,0.7114376609580976,0.5670077818940118,4.999999999999998,5,4.972666824152316E-4,0.07775052987030714,100
4177,0.0,0.5499023803221458,0.17085440809473093,2.993770423337664,7,-1.5543122344752192E-15,0.19949013080107134,100
4177,0.0,0.7101433707851792,0.0,4.07232401170518,5,-1.1102230246251565E-15,0.14960835825946867,100
4177,0.051517367372309435,0.8152472474063669,0.9999999999999999,3.8314366267476947,1,0.01128257853356307,0.08404498149093184,100
4177,0.9999999999999999,0.8724464273651913,0.6003610613608011,4.9124070051635025,7,0.013618987284552908,0.019795685510010815,100
4177,0.0,0.582534668238027,0.295144393267824,2.3838333021276568,1,-8.881784197001252E-16,0.10252426718942216,100
4177,0.0,0.8815386693205952,0.8935336716130585,4.063005398957909,5,-1.3322676295501878E-15,0.10314709094255159,100
4177,0.0,0.9999999999999999,0.9999999999999999,1.0054018962378004,7,-4.440892098500626E-16,0.11257833114342108,100
4177,0.0,0.3828561949816796,0.9999999999999999,0.32144763552684685,1,-4.440892098500626E-16,0.11982268930047836,100
4177,0.13085453083500084,0.9999999999999999,0.8217914432058725,4.70665020833662,7,0.005830500391503346,0.05795737041333218,100
4177,0.0,0.8190444145992852,0.9825915419549401,4.999999999999998,5,-1.7763568394002505E-15,0.1280485895399033,100
4177,0.0,0.3856482148558471,0.6685024035003475,2.105178585824624,5,1.1102230246251565E-16,0.09024324928266728,100
4177,0.5314908399059975,0.9949804533032074,0.9999999999999999,4.989486978920372,3,0.01605954559982481,0.05004760505323831,100
4177,0.0,0.0,0.47291919670703564,4.999999999999998,5,-6.661338147750939E-16,0.10227964844163052,100
4177,0.0,0.5565283594247803,0.8581284517794594,4.671264587357808,1,-2.220446049250313E-15,0.13128161088134813,100
4177,0.0,0.8046653819497697,0.22320471815657034,4.178245759062191,7,-8.881784197001252E-16,0.13263409037423612,100
4177,0.0,0.9999999999999999,0.8765593524588595,4.2682185558336165,7,5.551115123125783E-16,0.10322433349056291,100
4177,0.0,0.8548879556143059,0.9999999999999999,0.8672751650465801,5,1.1102230246251565E-15,0.10327429001301949,100
4177,0.007334085678092417,0.6415489569387791,0.8103580749508311,2.312722914130915,5,0.008216671177078028,0.09433737945086013,100
4177,0.15001228229476274,0.7970666994369674,0.5733540181023083,4.999999999999998,1,0.008709753887755078,0.09138192172845788,100
4177,0.0,0.854721730937818,0.0,4.999999999999998,1,-2.220446049250313E-16,0.11378061930783086,100
4177,0.0,0.6218659796243059,0.8571297809729383,3.968043144733099,1,-1.7763568394002505E-15,0.177179981814602,100
4177,0.08816023130178129,0.9829942287802814,0.7760860036925884,4.999999999999998,4,0.019612730988219806,0.06622677495069626,100
4177,0.5358409682866061,0.9503364738942458,0.5324991601744645,4.612446706501069,1,0.017652888015164403,0.031417240037873315,100
4177,0.8755247300347179,0.7879456724740523,0.6590372834563596,4.773583713613672,1,0.011226467091348447,0.027080590003522254,100
4177,0.0,0.47229403731725716,0.10128347767302627,0.0,7,-1.7763568394002505E-15,0.15422982347968262,100
4177,0.7695050854265232,0.7706541443163966,0.9584288784188632,4.866016692166581,5,0.019182692057571837,0.015053508902523554,100
4177,0.0,0.405482673724133,0.9999999999999999,1.2837283180727563,5,-6.661338147750939E-16,0.09476002985466822,100
4177,0.4332346585895741,0.9999999999999999,0.7039730368681133,4.819804765383201,1,0.01169934254199645,0.02020537759771056,100
4177,0.0,0.5275629743825435,0.038779155067744576,3.9292552506906895,5,-8.881784197001252E-16,0.0844570893460037,100
4177,0.0,0.3758972223750717,0.23715276567031154,3.7470373781481268,5,-1.3322676295501878E-15,0.08887001589461184,100
4177,0.0,0.9999999999999999,0.9999999999999999,2.5745074545403908,5,-8.881784197001252E-16,0.1105053834426337,100
4177,0.0,0.7220790719450102,0.27772656633534476,4.999999999999998,5,-1.1102230246251565E-15,0.1311794343317858,100
4177,0.0,0.11386078860321973,0.6978918332791468,4.999999999999998,5,-1.5543122344752192E-15,0.08621814929978641,100
4177,0.0,0.5781210746290121,0.1720605585469322,2.916544477999215,5,1.1102230246251565E-16,0.08802393006010922,100
4177,0.34014865512996084,0.9520581201988735,0.876751166281048,4.941865355582044,1,0.015387912827799277,0.009560583933170594,100
4177,0.0,0.6650851056229276,0.21875819523627724,0.9377824051961288,5,-6.661338147750939E-16,0.10049422161729223,100
4177,0.0,0.0,0.8339556467734023,2.4279383471102793,7,-1.7763568394002505E-15,0.18443413121768618,100
4177,0.0,0.6800759921571569,0.9900347619980732,4.2008804488941465,1,-1.1102230246251565E-15,0.10339477506803088,100
4177,0.0,0.01547104309775482,0.9999999999999999,1.6706616264445788,5,-1.5543122344752192E-15,0.10510613622813851,100
4177,0.0,0.907875750090116,0.2077980194835953,4.028884666801771,6,-1.5543122344752192E-15,0.16261831097196197,100
4177,0.0,0.827296566234031,0.9999999999999999,3.2526390712025175,5,-2.220446049250313E-16,0.10019087626322157,100
4177,0.0,0.9088418285494301,0.9823610649856139,0.0,5,-1.3322676295501878E-15,0.13696271154605144,100
4177,0.009965987814951319,0.8951533215339595,0.9999999999999999,4.256579859225258,5,-9.334391670992037E-4,0.09406697345559512,100
4177,0.0,0.3110889461757833,0.10443089669904414,1.544547142589542,7,-1.5543122344752192E-15,0.1053606162687634,100
4177,0.0,0.012331442068427553,0.5696919663256476,2.680845587628532,5,-4.440892098500626E-16,0.09549207229746023,100
4177,0.0,0.6140834696981328,0.205617364475639,0.0,5,-6.661338147750939E-16,0.10160808343847455,100
4177,0.0,0.6734460188072566,0.2675718057983955,2.4446971657880896,5,1.2212453270876722E-15,0.0873884861212038,100
4177,0.0,0.6581046253873456,0.6290931150502751,4.043941839406597,5,5.551115123125783E-16,0.06404717576546934,100
4177,0.0,0.7829910672413601,0.8526244242364044,4.148187167614391,5,-1.3322676295501878E-15,0.05779082357991877,100
4177,0.9999999999999999,0.8505840625283252,0.8994969373697296,4.999999999999998,5,0.018785317938143753,0.03192786478733557,100
4177,0.0,0.9627854499118192,0.5367412377001588,4.999999999999998,4,-1.3322676295501878E-15,0.12927189360480063,100
4177,0.0,0.6056489948916444,0.0,2.385143694938293,5,0.0,0.08771178811384732,100
4177,0.0,0.8394120984821295,0.0,4.408437492282132,7,-8.881784197001252E-16,0.10467004160908099,100
4177,0.9999999999999999,0.9999999999999999,0.9999999999999999,4.999999999999998,7,0.011617100145113968,0.014237085159085158,100
4177,0.44556934976328744,0.9110633277511679,0.5219149221367736,4.658393198911806,5,0.017353032754025777,0.026829087667029065,100
4177,0.0,0.6077597156743427,0.14744773584105283,3.4555855173171843,0,1.6653345369377348E-15,0.19628783607598385,100
4177,0.0,0.7028410771118226,0.14671378496412787,2.205293017698409,1,-2.220446049250313E-15,0.1420124075233145,100
4177,0.0,0.915417210472408,0.9999999999999999,4.848961682432235,7,-6.661338147750939E-16,0.10306785340716937,100
4177,0.0,0.3721368479582427,0.7335924119967648,4.999999999999998,1,-1.1102230246251565E-15,0.15597314481869673,100
4177,0.0,0.9999999999999999,0.8509628590150626,0.8744437655801285,1,-1.9984014443252818E-15,0.16006773456685602,100
4177,0.3124394538839091,0.9844228377331764,0.7730939588448437,4.999999999999998,7,0.011965209126268861,0.04941437285656914,100
4177,0.0,0.8367951863325618,0.05986614183800567,2.6099197699117895,7,-1.5543122344752192E-15,0.18769164150413456,100
4177,0.0,0.41561713640220027,0.9889329838289636,1.6168530068114664,5,-6.661338147750939E-16,0.11796987594422771,100
4177,0.6464241479926569,0.9283858505662274,0.9999999999999999,4.427174088835653,5,0.009498544284125887,0.014593878349795334,100
4177,0.0,0.6508411265579085,0.37835283502190115,2.365695830185876,3,-1.3322676295501878E-15,0.1771401736364555,100
4177,0.0,0.0,0.7871481951939714,1.0595160411087117,1,-1.1102230246251565E-15,0.15393991098377854,100
4177,0.0,0.3731170467183156,0.11593375400923518,1.4368485328187917,6,-4.440892098500626E-16,0.1052852349416075,100
4177,0.0,0.7457956770805881,0.8804075846361783,2.124903676819276,7,-1.9984014443252818E-15,0.18083264246553202,100
4177,0.0,0.6813670984078936,0.0,0.0,1,8.881784197001252E-16,0.09167809731558486,100
4177,0.0,0.9057557602642384,0.6945851025083115,4.999999999999998,5,-1.1102230246251565E-15,0.0724530949097333,100
4177,0.0,0.9393912956824416,0.0,0.8874240412037171,5,8.881784197001252E-16,0.08733642748561118,100
4177,0.0,0.6288128788663744,0.1828952551200009,4.999999999999998,5,-2.220446049250313E-16,0.07041179576826563,100
4177,0.7167082613082876,0.831376679702994,0.8279225772412208,4.8724796698770625,1,0.018652394032115938,0.06206504146801605,100
4177,0.0,0.580897556194565,0.37571646757794774,2.689590453195891,5,0.0,0.09236425379478343,100
4177,0.046106019835051186,0.8622341668192871,0.6924205182604607,4.999999999999998,1,-0.003026322566284545,0.12145439994649772,100
4177,0.0,0.7368538939659869,0.5058111055152862,4.4083347586947035,5,2.220446049250313E-16,0.09099386561012633,100
4177,0.00194261223992072,0.8024352139625388,0.7974681532815446,2.212019455826703,5,0.001771450731880564,0.0700685526836655,100
4177,0.28987361741261347,0.9382972695502324,0.9999999999999999,4.999999999999998,3,0.01619444102607226,0.024473405712553336,100
4177,0.42463294381670996,0.9999999999999999,0.9999999999999999,4.814759579147873,5,0.018485278773028968,0.019437977820059398,100
4177,0.3938690657283166,0.9715033658287938,0.5073752374343401,4.990146194167001,7,0.017336931224210983,0.0493403154533729,100
4177,0.6128043010787709,0.8738069051822154,0.6345940721577603,4.844589305564544,1,0.013608123374544978,0.0193834715086802,100
4177,0.0,0.8637052462235194,0.8058840109899932,1.968501383986674,4,1.6653345369377348E-15,0.08015351014945966,100
4177,0.0,0.7303428151729165,0.537985347130803,0.5022446554077822,1,-6.661338147750939E-16,0.0871274044961683,100
4177,0.42530832834288723,0.9153493431387414,0.9999999999999999,4.890754105386248,5,0.011723884510132176,0.008525771693833667,100
4177,0.9999999999999999,0.8660638206711069,0.8683385232276434,4.748171213769405,7,0.01841878837886335,0.014878525588233407,100
4177,0.9673604071606021,0.9999999999999999,0.9181278339607722,4.999999999999998,1,0.0010100600084047562,0.015398217717668182,100
4177,0.0,0.9999999999999999,0.9999999999999999,0.0,5,3.3306690738754696E-16,0.07057969557345303,100
4177,0.0,0.24607919790741725,0.41950434976707146,4.352338319363594,3,-1.3322676295501878E-15,0.1196956590046011,100
4177,0.0,0.9999999999999999,0.905447945117825,3.303754232298375,7,-2.220446049250313E-15,0.1605247880058356,100
4177,0.0,0.0,0.2920983041769932,3.612984009042409,5,-2.220446049250313E-16,0.06895417173710405,100
4177,0.0334882109625966,0.8404335445462644,0.5622278521116241,4.999999999999998,1,-3.092834323032978E-4,0.17333829023078445,100
4177,0.014366909636221904,0.9999999999999999,0.684323075617613,4.999999999999998,7,-2.1896709607882592E-4,0.12958414914709565,100
4177,0.0,0.5957161813511858,0.14015327745292253,0.0,5,-1.1102230246251565E-15,0.08015402434463503,100
4177,0.0,0.5613099618309898,0.7064323089238344,4.144614423342702,5,-6.661338147750939E-16,0.08107549239678206,100
4177,0.0,0.6767843990774137,0.12081574398788354,4.197270800643772,5,-8.881784197001252E-16,0.07304812591499367,100
4177,0.0,0.14427853129999613,0.4028507077908248,3.97235252281616,5,-8.881784197001252E-16,0.07349090964305971,100
4177,0.0,0.10031121415078058,0.9999999999999999,2.8875573464389714,5,-2.886579864025407E-15,0.09665307692803803,100
4177,0.0,0.791020444226477,0.7946181040265067,3.9924755739312574,7,-1.3322676295501878E-15,0.1354108621059669,100
4177,0.5312843426224457,0.9101211750312922,0.910181801971534,4.999999999999998,5,0.01739728626802728,0.011440654740728714,100
4177,0.5381621462274382,0.9592792399602387,0.9999999999999999,4.999999999999998,3,0.003304563781391656,0.018426825913175973,100
4177,0.0,0.8463222340794085,0.6135936959262052,2.2775706426498,7,-1.1102230246251565E-15,0.11156327288587425,100
4177,0.0,0.9999999999999999,0.32714291246922805,1.0927983826366228,5,-1.5543122344752192E-15,0.1637070938095898,100
4177,0.0,0.1492363744286455,0.687170757565036,4.066509139126853,5,-2.220446049250313E-16,0.08158186578742146,100
4177,0.4132424452119795,0.9167853699002966,0.9434869152175657,4.999999999999998,7,0.005233476553659799,0.009592792100200889,100
4177,0.0,0.5088907490143808,0.4210456448712401,0.8404851743691882,1,-1.1102230246251565E-15,0.11080861283489445,100
4177,0.0,0.17031808897669973,0.22826928911430078,2.3193887736181957,4,-1.3322676295501878E-15,0.10155372249949954,100
4177,0.0,0.7764325578220388,0.23232234988066428,0.9813741601869609,5,-4.440892098500626E-16,0.09912890906018049,100
4177,0.32957016283004986,0.9999999999999999,0.9999999999999999,4.999999999999998,1,0.007361023480059292,0.014091392840484761,100
4177,0.27365989364103765,0.9999999999999999,0.9999999999999999,4.999999999999998,1,0.013263866103387478,0.01915731802776535,100
4177,0.053732090390198974,0.823844600430594,0.6402940388564716,4.63766642963361,5,-6.574638303025182E-5,0.06391807344386448,100
4177,0.0,0.7716466147955815,0.8542425940172677,2.8062518786600665,5,-1.9984014443252818E-15,0.06676918656793887,100
4177,0.0,0.6068802918805724,0.24503831223222847,1.6668726991464446,5,0.0,0.06434464995580652,100
4177,0.0,0.4470291048402975,0.8228508207355986,4.495029490350799,5,-1.1102230246251565E-15,0.08548789145666029,100
4177,0.5290768403538919,0.9999999999999999,0.8416181755551652,4.999999999999998,1,0.001064016334068052,0.013110052569462318,100
4177,0.8892408117174598,0.8623874171979427,0.9999999999999999,4.913199216267952,1,0.013180440406023397,0.049883335786543935,100
4177,0.0,0.8597159858255919,0.0,4.751767576205155,1,-1.5543122344752192E-15,0.15255639533373894,100
4177,0.0,0.9999999999999999,0.6675094830100077,0.0,1,-1.5543122344752192E-15,0.1300202146513325,100
4177,0.0,0.6462052029016635,0.12381644907659338,3.351438494615462,5,-1.3322676295501878E-15,0.09195792369505555,100
4177,0.0,0.6399745393742625,0.3949846059231688,0.22165010264251772,5,0.0,0.08425788677455541,100
4177,0.0,0.7915730717072846,0.0,4.741911889710033,7,-1.3322676295501878E-15,0.15265945446116833,100
4177,0.9999999999999999,0.815001910396408,0.9999999999999999,4.999999999999998,7,0.013994590617122382,0.019548018058946622,100
4177,0.0,0.750141378162708,0.8552542765620331,2.3165302256569418,3,-1.7763568394002505E-15,0.168577477637906,100
4177,0.0,0.7574349431346498,0.8926860697487131,1.9035439315702676,3,1.1102230246251565E-15,0.15798396337712978,100
4177,0.0,0.8479460883769254,0.7874439510808289,0.2681615021827869,4,1.4432899320127035E-15,0.07596011726138946,100
4177,0.318156796082193,0.8589670196727173,0.8316930877125649,4.999999999999998,6,0.011737774524620215,0.019539472435244874,100
4177,0.0,0.24511241132153794,0.9999999999999999,1.015506597846142,5,2.220446049250313E-16,0.07810866942267755,100
4177,0.0,0.5928588910827314,0.27424460402424905,3.217667100745266,5,3.3306690738754696E-16,0.0866514566426164,100
4177,0.0,0.9168900523739651,0.2595715930937838,0.43305201242158353,7,-1.5543122344752192E-15,0.15863286923856232,100
4177,0.18975163799051217,0.8767972779983977,0.9999999999999999,4.993711880343177,1,0.010028638102448917,0.04085015499905712,100
4177,0.0,0.0,0.9999999999999999,0.0,5,3.3306690738754696E-16,0.06203420222516176,100
4177,0.0,0.0,0.5630262656553068,4.999999999999998,4,-1.1102230246251565E-15,0.09085218066936658,100
4177,0.9429908760677309,0.8062434654046339,0.9715931870904698,4.9887411242162845,5,0.010926799050921088,0.015054776216781718,100
4177,0.007558742861805436,0.783981055784654,0.9999999999999999,4.999999999999998,1,-1.23092136513403E-4,0.1465349052747301,100
4177,0.08699251975948359,0.7780551743523362,0.751208133452836,4.999999999999998,1,0.0031051631501430865,0.06887219812103038,100
4177,0.8865615238684795,0.9999999999999999,0.9999999999999999,4.999999999999998,7,0.019029107971228032,0.01503327964449555,100
4177,0.4745325895185138,0.9224326823799686,0.6985825025411366,4.781706705372609,1,0.019207116153283965,0.010898086318695358,100
4177,0.0,0.9999999999999999,0.7580374218069581,4.644389494505578,7,-1.7763568394002505E-15,0.12216408923510726,100
4177,0.9999999999999999,0.9999999999999999,0.7424893909675507,4.999999999999998,1,0.005697012873444818,0.03751746055103442,100
4177,0.0,0.2421290486638691,0.0,2.083697482293824,1,-1.5543122344752192E-15,0.11806765382840707,100
4177,0.04866298016045794,0.9999999999999999,0.9341571243169043,4.675183400192072,7,0.0075511717175796855,0.06604428992596989,100
4177,0.5004004744124536,0.9999999999999999,0.7301830345008905,4.905652266258269,7,0.011535208704614774,0.01936075465208683,100
4177,0.012923884419980824,0.9286348294932376,0.9999999999999999,4.999999999999998,5,-0.002224309168503691,0.18802273107855802,100
4177,0.0,0.0,0.5712875350976022,1.9028159270950835,5,1.4432899320127035E-15,0.060944039210403596,100
4177,0.0,0.9999999999999999,0.9999999999999999,0.0,1,-6.661338147750939E-16,0.08434679789494288,100
4177,0.013831411531540641,0.8182126835374313,0.9958578545938473,4.999999999999998,7,-7.948010352412105E-4,0.10749317419289031,100
4177,0.9999999999999999,0.9999999999999999,0.8498643513009884,4.999999999999998,1,0.008834248255357946,0.012574325624337968,100
4177,0.0,0.732573827178761,0.24898896123643452,1.644731019843575,5,-1.3322676295501878E-15,0.1254154976969024,100
4177,0.0,0.8775821630896263,0.5309602611608976,4.269866526554818,5,-6.661338147750939E-16,0.09916932332460193,100
4177,0.47103371576581804,0.99414735034851,0.69144883364643,4.990000152587889,5,0.013104244162610468,0.015131750479331938,100
4177,0.40637163710754526,0.9999999999999999,0.6683765491555314,4.999999999999998,5,0.016046545294894354,0.011877280126008982,100
4177,0.0,0.4987273033257113,0.30525793729090483,0.0,6,-1.7763568394002505E-15,0.16117307880339848,100
4177,0.9999999999999999,0.8823743700524657,0.9999999999999999,4.999999999999998,3,0.01095321130782645,0.04795362419999355,100
4177,0.2532768596343272,0.9999999999999999,0.9999999999999999,4.999999999999998,3,0.01744230517028933,0.016581704966647452,100
4177,0.0,0.7510654518105194,0.845646771997926,4.194879240826366,1,-1.9984014443252818E-15,0.12961149855120607,100
4177,0.4400925198123739,0.9999999999999999,0.9024506142878672,4.999999999999998,5,0.009526485729764222,0.010432905371578935,100
4177,0.20859227315782408,0.9999999999999999,0.8191203238775762,4.999999999999998,1,0.005010025858547595,0.022137995718180703,100
4177,0.0,0.9999999999999999,0.8825124775859269,2.089724720689028,5,-1.1102230246251565E-15,0.10106390127770952,100
4177,0.9999999999999999,0.9425393209038981,0.8775605973609432,4.999999999999998,1,0.01932139099321084,0.010514033178991576,100
4177,0.0,0.9999999999999999,0.12586114637331894,4.999999999999998,5,3.3306690738754696E-16,0.06392231295401467,100
4177,0.0,0.45456947842206397,0.8750260681312688,2.528279174458764,5,-2.220446049250313E-16,0.08072955222284992,100
4177,0.0,0.529435084122663,0.9999999999999999,1.2881652217093826,1,-4.440892098500626E-16,0.082868144956085,100
4177,0.7335729023155633,0.815317542579853,0.671521440057141,4.999999999999998,7,0.01648066668761583,0.0168569510890456,100
4177,0.0,0.0,0.2859782148949922,1.8640830974557994,5,1.5543122344752192E-15,0.07029224867977374,100
4177,0.0797186234362895,0.8539975560420618,0.8636347710740139,4.999999999999998,1,0.0011465229488839546,0.04148796842356588,100
4177,0.0,0.5845769189403709,0.3914364690658729,1.8003004435963912,4,-1.7763568394002505E-15,0.16160013419105485,100
4177,0.041559584630730124,0.8481091725380813,0.8727394182944037,4.999999999999998,6,0.010866243241140494,0.06511984136073205,100
4177,0.0,0.9005433976397516,0.9142755825445699,3.4681341909540713,5,7.771561172376096E-16,0.06405730377182157,100
4177,0.0,0.7642430362911989,0.0,4.7828127779996255,5,-1.9984014443252818E-15,0.15790843720265801,100
4177,0.5355119124790512,0.9987660108303799,0.8696925821879703,4.999999999999998,1,0.01476749136526223,0.012496154998081809,100
4177,0.0,0.6337878223792768,0.39626611687027224,2.4789133482108827,5,-8.881784197001252E-16,0.11806541369553063,100
4177,0.0,0.9999999999999999,0.9999999999999999,4.991063487519077,7,-1.7763568394002505E-15,0.14442199166702208,100
4177,0.9999999999999999,0.926551049020138,0.9999999999999999,4.999999999999998,7,0.01244490303636292,0.010222913326121045,100
4177,0.0,0.9999999999999999,0.3091062020281657,2.800248305883918,5,-6.661338147750939E-16,0.0854881148417881,100
4177,0.0,0.8601991056937228,0.8942070029190275,0.0772452757942461,5,-1.1102230246251565E-15,0.09032048310861389,100
4177,0.0,0.544913537248336,0.862191681004381,4.721905592411325,7,-1.1102230246251565E-15,0.12908048816695872,100
4177,0.022611693572429533,0.8505251770863653,0.5935009974744914,4.999999999999998,5,-0.0010019523049344947,0.08179570094585456,100
4177,0.0,0.9246462590075922,0.14039843707698138,2.55692656633854,7,-1.1102230246251565E-15,0.10079965864618727,100
4177,0.8533147887401434,0.9565905774956674,0.9999999999999999,4.999999999999998,7,0.016200734641623082,0.008403897151439656,100
4177,0.0,0.7667804395097083,0.9999999999999999,4.339463519812178,5,-2.220446049250313E-16,0.08387785378623332,100
4177,0.9999999999999999,0.9999999999999999,0.9683933206845624,4.999999999999998,1,0.006983146061265044,0.015823839149168867,100
4177,0.0,0.025210707468263174,0.5396902238301107,2.522744626486512,1,-6.661338147750939E-16,0.12933657332871604,100
4177,0.0,0.6032706230304373,0.18309625633390925,4.999999999999998,1,-1.1102230246251565E-15,0.1127920081247329,100
4177,0.0,0.9999999999999999,0.733558654350439,4.5310154028537095,7,-8.881784197001252E-16,0.10640153213232069,100
4177,0.0,0.8064562179191167,0.9999999999999999,3.104020084143935,5,-2.220446049250313E-16,0.07731705146749003,100
4177,0.7276160203482182,0.9999999999999999,0.9774862084339504,4.979651016973917,1,0.011047703842444578,0.006783589537512881,100
4177,0.0030280282700156365,0.9272907861243976,0.9592104970266363,4.999999999999998,7,-5.553066271657414E-4,0.13198899823077517,100
4177,0.0,0.576992013548879,0.27099127114245586,2.867215813177404,5,-4.440892098500626E-16,0.06443728241988249,100
4177,0.0,0.0,0.49930353688066426,3.399919757854689,5,-4.440892098500626E-16,0.08199242265581748,100
4177,0.0,0.7259114869828699,0.49322399468282546,2.4154336739752624,5,3.3306690738754696E-16,0.06427505695271206,100
4177,0.8780920692742807,0.9999999999999999,0.8581607824981028,4.958686234926568,5,0.018093543175587756,0.012235109746338745,100
4177,0.0,0.8249875785301651,0.9999999999999999,4.999999999999998,5,-1.9984014443252818E-15,0.12964599619973047,100
4177,0.0,0.8978020776058749,0.0,0.9766927187424814,5,-8.881784197001252E-16,0.09703445475537706,100
4177,0.02697178635742761,0.8808944049796291,0.7181617900368441,4.999999999999998,1,-0.0010860600888427108,0.08483407462161516,100
4177,0.752248494013189,0.9999999999999999,0.5688425648684158,4.999999999999998,5,0.0015317281372605462,0.011106091293067694,100
4177,0.0,0.6589041362383797,0.13805901926290234,0.0,7,-2.220446049250313E-15,0.15627373417748222,100
4177,0.6343080823842906,0.9999999999999999,0.9517408127334391,4.641248941077036,5,0.013329876497528814,0.01541989259011865,100
4177,0.6676421451195182,0.9999999999999999,0.9999999999999999,4.999999999999998,7,0.012611298917345248,0.03778724424753706,100
4177,0.0,0.8496757455300298,0.9999999999999999,4.065251864733091,1,-1.1102230246251565E-15,0.11672686717476263,100
4177,0.0,0.3898957428481415,0.26505975250537117,2.7770251553060596,5,-1.5543122344752192E-15,0.10961297574985593,100
4177,0.2744326202402784,0.9999999999999999,0.9999999999999999,4.999999999999998,7,0.013114799043669523,0.01608692085961165,100
4177,0.0,0.023718380009424247,0.7378659604098253,1.9588129826138792,5,-1.5543122344752192E-15,0.15396457321345278,100
4177,0.22824022236039995,0.8681259622627598,0.9999999999999999,4.995186440626355,7,0.012024135723990415,0.020255417056081037,100
4177,0.0,0.23892726907975156,0.8544866947643974,0.3168510398878849,4,-1.9984014443252818E-15,0.1702628148732859,100
4177,0.42837366059744497,0.9121527382160153,0.973269945260417,4.999999999999998,5,0.017914336564080702,0.006760165734996169,100
4177,0.0,0.13591407779971096,0.40463232616509504,3.1074397822721807,5,4.440892098500626E-16,0.057099727799675606,100
4177,0.0,0.8021745305802768,0.18893437032587498,0.5283780693980309,3,-1.9984014443252818E-15,0.17929242239822124,100
4177,0.0,0.5189929171627442,0.9999999999999999,3.1650069626987465,5,-8.881784197001252E-16,0.0666462158163831,100
4177,0.4494143499986008,0.9999999999999999,0.9301059191409936,4.999999999999998,1,0.015341343550214437,0.012046539406203016,100
4177,0.28513576644017335,0.9999999999999999,0.9569750130877434,4.53032271535088,5,0.011909730033854427,0.01784146312267077,100
4177,0.0,0.11459561143915593,0.0,2.5836310600615096,5,-4.440892098500626E-16,0.07205463928986713,100
4177,0.0,0.2922620714641508,0.1709543774774638,0.0,5,0.0,0.07318453369558946,100
4177,0.0,0.6492436812181375,0.6403045521864134,2.145425905522782,7,-2.4424906541753444E-15,0.16748868195256286,100
4177,0.0,0.9999999999999999,0.0,0.5688580363332616,7,-1.5543122344752192E-15,0.13838603188968418,100
4177,0.36191918254372585,0.9999999999999999,0.9174988449249718,4.999999999999998,5,3.9523303181454583E-4,0.012119455952325978,100
4177,0.0,0.9999999999999999,0.6320555163695283,4.707232256235946,5,-2.220446049250313E-16,0.07506226008313724,100
4177,0.0,0.0,0.0,1.6657215435888066,5,-2.220446049250313E-16,0.06445738621766066,100
4177,0.0,0.8084030342446943,0.0,0.0,1,-2.220446049250313E-15,0.12954357177606365,100
4177,0.9999999999999999,0.9736797760054822,0.9458327759454949,4.999999999999998,1,0.009115670438975543,0.00904510011090777,100
4177,0.0,0.0,0.2453274424248217,2.291249059989134,5,-2.220446049250313E-16,0.08493185107454082,100
4177,0.6007983929048838,0.8977793087989097,0.9943781054910278,4.92479880197804,7,0.009476698043181853,0.019178456496908393,100
4177,0.0,0.8832088906052759,0.8910001840786784,2.166471246400331,5,-8.881784197001252E-16,0.08556384882660951,100
4177,0.23290070198986193,0.8140211571139333,0.9999999999999999,4.999999999999998,5,0.011961439075044544,0.023597498865454876,100
4177,0.01456559729488731,0.9999999999999999,0.6838295394828362,4.999999999999998,1,-0.0023325141498764523,0.1305950570226033,100
4177,0.0,0.6567648390653987,0.8413783894605813,0.0,3,-2.4424906541753444E-15,0.1351792253748282,100
4177,0.0,0.7376115680270424,0.9999999999999999,4.710213616326903,7,-6.661338147750939E-16,0.09703953643740987,100
4177,0.8740752638165246,0.8924812185809279,0.9337666109154609,4.999999999999998,1,0.014561506969406945,0.008729358419960353,100
4177,0.8403466130205955,0.9736393874853276,0.9999999999999999,4.999999999999998,1,0.014752487118375845,0.017272266731705465,100
4177,0.02132114733848289,0.8580622947250841,0.997995739034485,4.950413571733374,5,-0.002894036213551221,0.06858257622558868,100
4177,0.0,0.9999999999999999,0.5349248911447945,2.6928594278940623,1,-1.5543122344752192E-15,0.09897081346650949,100
4177,0.0,0.5519767876131698,0.5899292580168627,4.9071337433649775,5,-1.5543122344752192E-15,0.13481518035186071,100
4177,0.5555649013707215,0.9999999999999999,0.9060805544624455,4.999999999999998,3,0.007939154035447427,0.018535713138300363,100
4177,0.0,0.0,0.9999999999999999,4.881249590520121,5,-1.7763568394002505E-15,0.1358640042725666,100
4177,0.3703088646484612,0.9999999999999999,0.6910477171920629,4.994361037706331,4,0.008818794460826118,0.016202918232598135,100
4177,0.4388582985585181,0.9991375139400551,0.9999999999999999,4.950102263490292,5,0.011511957997920708,0.007172292527357146,100
4177,0.7217226478430576,0.914530785362306,0.9962227951699941,4.999999999999998,5,0.014210993045915665,0.010040719731967797,100
4177,0.0,0.5277445932993537,0.9999999999999999,3.005352438617222,1,1.1102230246251565E-15,0.0787357937537646,100
4177,0.06378189792729383,0.8188446103372422,0.6258563581105293,4.993193649812337,1,0.004979309294872225,0.06966155014092294,100
4177,0.0,0.5287541188584199,0.9999999999999999,0.0,5,-2.886579864025407E-15,0.07582021767921879,100
4177,0.0,0.6652308191138259,0.8069831875106225,0.2833681461346842,1,-1.9984014443252818E-15,0.12443112706012084,100
4177,0.0,0.0,0.9999999999999999,0.0,1,9.992007221626409E-16,0.07556110352026799,100
4177,0.8196402680458007,0.9384389559294134,0.8344419184073607,4.999999999999998,1,0.006509817196218792,0.0168727632316509,100
4177,0.0,0.6306453653337961,0.17021654370455525,2.4583008928269248,5,-1.7763568394002505E-15,0.12430596828589677,100
4177,0.9999999999999999,0.9999999999999999,0.9999999999999999,4.999999999999998,1,0.006187868934058649,0.008991384998383175,100
4177,0.632149112806408,0.8620249114715728,0.9783373939395658,4.999999999999998,1,0.009283058178582881,0.013716302030964104,100
4177,0.705825367194712,0.9143839510635793,0.9799138725344302,4.999999999999997,5,0.016905771445091866,0.008017231260735771,100
4177,0.12753291625394683,0.9999999999999999,0.9999999999999999,4.999999999999998,5,0.007003364667709899,0.012087822536948177,100
4177,0.004684961265148383,0.9887277737649466,0.5261157812059108,4.999999999999998,1,-6.377536991106769E-4,0.18756524353003104,100
4177,0.003270543880714349,0.8504115333278124,0.611040360277969,4.999999999999998,7,-1.1527846032222122E-4,0.14465423903606164,100
4177,0.09153218860585398,0.9999999999999999,0.9999999999999999,4.999999999999997,1,0.002205724046819846,0.03602125139708631,100
4177,0.8626327507777726,0.9999999999999999,0.9999999999999999,4.925937559689608,3,0.006057801086311376,0.028904097080070225,100
4177,0.29679287680781746,0.9632632927848294,0.9999999999999999,4.999999999999997,1,0.015796509570404793,0.009328089842620584,100
4177,0.0,0.8684922268408487,0.4570045624446774,3.013107226690206,1,-2.6645352591003757E-15,0.1511820649265432,100
4177,0.0,0.7774121066252845,0.907662171883722,1.6990249994837463,1,-1.1102230246251565E-15,0.12059173546790676,100
4177,0.39488127060629785,0.9999939404248374,0.9671129799781591,4.999999999999998,5,0.012709979220682621,0.012449946328185788,100
4177,0.0,0.5620724254050738,0.783103474185104,1.6140012985169765,5,0.0,0.0831209051603705,100
4177,0.0,0.41544579979870405,0.015656817089087945,1.0031981016767981,1,-2.220446049250313E-16,0.08732833802501215,100
4177,0.010158687849301056,0.965538922046378,0.725744311771343,4.88009298043884,5,-9.573443168957585E-4,0.14013604772430727,100
4177,0.05571054597339222,0.9187375122526045,0.719468867164266,4.996774947960005,5,-0.004705515945573779,0.19447216556262692,100
4177,0.0,0.9999999999999999,0.9999999999999999,4.999999999999998,5,-1.7763568394002505E-15,0.10614446294577908,100
4177,0.8939692717188484,0.937860531963523,0.9294117121844733,4.973407111231881,5,0.016695053012350414,0.010562340749704139,100
4177,0.561195693490248,0.9999999999999999,0.9999999999999999,4.999999999999998,5,0.009289721279776897,0.011761808806531632,100
4177,0.0,0.43125328087836595,0.0,0.0,5,-1.7763568394002505E-15,0.12881321485784847,100
4177,0.6223449505637748,0.8973979445760212,0.9999999999999999,4.999999999999998,1,0.014889568010456933,0.009868519856415207,100
4177,0.2735011673188339,0.9604522088483984,0.8882503478277343,4.999999999999998,1,0.00805929803249572,0.012354140706115476,100
4177,0.1290095965241892,0.9961583449291008,0.8072118778555323,4.719172358251817,1,0.00845848118402548,0.017983486290571463,100
4177,0.0,0.8523322027454299,0.7841713125791995,1.5920099033461936,5,1.1102230246251565E-16,0.06108701080959513,100
4177,0.01374547187698005,0.8044612001403865,0.8325076202305325,4.125921854870382,5,0.001481903855538036,0.05113016422391929,100
4177,0.0,0.42416612150800587,0.9999999999999999,1.5999768730127464,1,-8.881784197001252E-16,0.08373363410821323,100
4177,0.0,0.7378181767319499,0.9999999999999999,1.2152965552521102,5,3.3306690738754696E-16,0.056965723553862674,100
4177,0.0,0.8063472079053495,0.7506258337840909,4.4947947729840925,5,-8.881784197001252E-16,0.09048578871883424,100
4177,0.0,0.9999999999999999,0.9005537752173951,2.9027846459807884,5,-8.881784197001252E-16,0.0806616331869379,100
4177,0.9999999999999999,0.981245412459635,0.9999999999999999,4.8576640113658485,5,0.01772103781814882,0.006332368477883524,100
4177,0.0023890681814184183,0.6148270674774509,0.159286753809989,0.049305044261803564,5,0.003855958118296865,0.07827982413012519,100
4177,0.027303468901314906,0.8263739885942428,0.7544476423417109,4.999999999999998,3,-0.001464235171100725,0.18443600863964674,100
4177,0.0,0.0,0.0,0.9914215317550319,5,-4.440892098500626E-16,0.08062149893786316,100
4177,0.964397413656393,0.9632788215971957,0.9473048639056779,4.999999999999998,1,-6.221753857755807E-4,0.12608390202681452,100
4177,0.10640010511389883,0.9987798508916491,0.7694618266535987,4.999999999999998,1,0.007123467701325326,0.04560404427352621,100
4177,0.0,0.46258319304537593,0.413332907387484,3.2311447784794005,5,-8.881784197001252E-16,0.061968502433680184,100
4177,0.0,0.7119633810582583,0.0,3.39186995978162,5,-8.881784197001252E-16,0.07436009707688798,100
4177,0.0,0.5471425006810398,0.6240040072714416,3.253530495170854,5,-4.440892098500626E-16,0.08877273365019632,100
4177,0.9381755604211646,0.9999999999999999,0.9963335412485781,4.999999999999998,7,0.010322969290779027,0.008810420434058152,100
4177,0.0,0.9714266575787613,0.15377909896056943,0.043798156454767215,5,-1.3322676295501878E-15,0.11731902908782181,100
4177,0.7406073642084325,0.9999999999999999,0.9962594025240382,4.999999999999998,1,0.006478241786986305,0.017186745930285227,100
4177,0.0154133576285787,0.7797926144668811,0.945569745345424,4.999999999999998,5,-2.427024830413682E-4,0.14018249666554525,100
4177,0.0,0.0,0.35841152967242595,1.9548921062333675,6,-1.3322676295501878E-15,0.12135945184661955,100
4177,0.0,0.7611509110417783,0.7115436008930366,0.36647201715493755,5,-4.440892098500626E-16,0.08359185777603872,100
4177,0.4335710794848961,0.8785024154431464,0.9741051043827584,4.999999999999998,5,0.019069480939428507,0.006469572950391729,100
4177,0.4314968710609727,0.9445061314128347,0.9999999999999999,4.999999999999998,1,0.012250083449110383,0.010631818134911873,100
4177,0.0,0.18713717521919196,0.2826116377479822,4.999999999999998,5,3.3306690738754696E-16,0.06313249719407077,100
4177,0.0,0.22862462258986957,0.0,0.48942212711518285,5,-6.661338147750939E-16,0.0791331721713215,100
4177,0.9999999999999999,0.9604118389961465,0.25681758782138814,4.999999999999998,5,-0.005433259121341516,0.09038912889434714,100
4177,0.364262020382308,0.9999999999999999,0.8747689331121885,4.999999999999998,5,0.009404494135064612,0.011413915802284026,100
4177,0.0,0.7649028076663842,0.7020315688667534,0.9623922491232114,1,-8.881784197001252E-16,0.08656585612901246,100
4177,0.6860512935933539,0.9611312414138656,0.9753616048880671,4.999999999999998,5,-0.004852064311839488,0.09450979782662591,100
4177,0.006078726546425064,0.9999999999999999,0.7073729381312814,4.487402752154021,5,-8.058782377085016E-4,0.15903068323542258,100
4177,0.0,0.0,0.41050173181722194,3.817841516927904,5,-1.7763568394002505E-15,0.12165427429751802,100
4177,0.0,0.9999999999999999,0.43962091402143877,0.033853896406473,5,-1.3322676295501878E-15,0.10129417713623322,100
4177,0.0,0.0,0.4802197838343139,0.8689724918800875,5,-6.661338147750939E-16,0.10386829479063082,100
4177,0.0,0.5242290711917045,0.9999999999999999,4.999999999999997,1,-1.1102230246251565E-15,0.11976954118544564,100
4177,0.7248959642160383,0.9238756978418241,0.9999999999999999,4.999999999999998,1,-0.008054115929305716,0.017511714845841145,100
4177,0.0027386616008593357,0.8117782763943919,0.6741011236176448,4.8662161619206055,3,-1.829435949876057E-4,0.14591497855598018,100
4177,0.5938025410454179,0.9999999999999999,0.5591866206050579,4.941543757715317,7,0.019368474960720916,0.010491034479759676,100
4177,0.0,0.4048417540745363,0.14316882103505799,3.3837806589830075,5,-4.440892098500626E-16,0.07024716652706149,100
4177,0.0,0.5607963042792382,0.9429055594944007,4.552379475683211,4,-1.9984014443252818E-15,0.10763216376493422,100
4177,0.0,0.0,0.3294664922277368,4.999999999999998,5,0.0,0.0872341354851771,100
4177,0.9495486433102658,0.9999999999999999,0.9999999999999999,4.999999999999998,1,0.010546906211078011,0.014589969950128047,100
4177,0.009750184934245272,0.8906089249025336,0.8922004781797591,4.513985721627599,1,-4.9376326314520824E-5,0.13465028436730814,100
4177,0.5382241446668145,0.8858937580575516,0.9999999999999999,4.999999999999998,7,0.017010538050475588,0.008628246107248388,100
4177,0.0,0.0,0.9999999999999999,3.4921824863430007,7,-1.3322676295501878E-15,0.11023293131172429,100
4177,0.0,0.9999999999999999,0.8575780492569982,0.0,5,-8.881784197001252E-16,0.08844986999960533,100
4177,0.3020012157335123,0.9999999999999999,0.9999999999999999,4.999999999999998,5,1.8539964102703976E-4,0.010803217033530623,100
4177,0.9999999999999999,0.9999999999999999,0.9137960201208832,4.986483388640976,1,0.003624819565741788,0.015291521969890929,100
4177,0.0,0.9730208411596123,0.9999999999999999,3.058748878208345,5,-4.440892098500626E-16,0.0862721161334901,100
4177,0.6048219799378579,0.7869881802381615,0.9999999999999999,4.999999999999998,1,0.008629182540560887,0.01609612030877042,100
4177,0.0,0.7119097905984176,0.4676352289285086,4.999999999999998,5,-2.6645352591003757E-15,0.12427839323949982,100
4177,0.7670733640009322,0.9999999999999999,0.9999999999999999,4.999999999999998,5,0.012265086351427534,0.007234436815106971,100
4177,0.6505329711247084,0.9999999999999999,0.9999999999999999,4.999999999999998,5,0.018733841601333956,0.009332521323120114,100
4177,0.0,0.9187808301218813,0.9999999999999999,0.0,6,-2.220446049250313E-15,0.19021460947267466,100
4177,0.0,0.8688540554281897,0.8433847327716525,2.664752068460076,5,-1.9984014443252818E-15,0.12864978664494262,100
4177,0.04235521273265793,0.9094258605139424,0.9999999999999999,4.929013526647351,6,0.0017182709805471097,0.03884444363045506,100
4177,0.3060736945612566,0.9999950907217412,0.9999999999999999,4.999999999999998,5,0.008642501043704787,0.01160585318465066,100
4177,0.5558778090519181,0.9983091994754566,0.7469323766017667,4.999999999999998,1,0.013524843831435263,0.016081219665824417,100
4177,0.7409038090440142,0.8407035079653329,0.9758474808373172,4.954894287027925,1,-6.01185837958429E-4,0.04915993389347027,100
4177,0.0,0.16860994735472426,0.2315462622320346,1.5137181162774644,5,-2.4424906541753444E-15,0.11432891219139342,100
4177,0.010388433545680543,0.9999999999999999,0.959091745095895,4.999999999999998,7,-0.002777425428992508,0.1098216949913136,100
4177,0.0,0.3071663233245217,0.1968579257007513,0.5150024249153778,5,2.220446049250313E-16,0.07521129978523598,100
4177,0.9999999999999999,0.8804243588452283,0.9388809333107886,4.999999999999998,1,0.008397435219395177,0.00862379466319121,100
4177,0.3490348338881115,0.8809982533536446,0.9999999999999999,4.999999999999998,1,0.01994205645351388,0.011335962815687028,100
4177,0.0,0.5821438731484164,0.9999999999999999,4.999999999999998,5,-1.9984014443252818E-15,0.1182903251771942,100
4177,0.0,0.6061202362428997,0.0,1.9764607610544334,5,-6.661338147750939E-16,0.06896773361164266,100
4177,0.5805784133093239,0.9999999999999999,0.7717220412550824,4.999999999999998,1,0.005451886234624892,0.010594324790975341,100
4177,0.3727474878105849,0.9999999999999999,0.9999999999999999,4.999999999999998,7,0.006607479510517544,0.016231514776722217,100
4177,0.0,0.9902180521133864,0.3151325229414303,3.449272814821729,5,1.7763568394002505E-15,0.07081279064212019,100
4177,0.9999999999999999,0.9999999999999999,0.8478165125191023,4.999999999999997,5,0.014612396209863765,0.012207676750208231,100
4177,4.7786179905491376E-4,0.9866783266089261,0.46091610011667544,4.999999999999998,5,-6.673963684811213E-5,0.11622160119216002,100
4177,0.5721988246020622,0.9999999999999999,0.9645261064814574,4.999999999999998,1,-9.097761341829713E-4,0.1696549816549403,100
4177,0.0026187661123384873,0.85569172061474,0.9508198330556095,4.944786488030864,3,-6.675646739757735E-4,0.1503418831023873,100
4177,0.0,0.9837988350539811,0.9999999999999999,0.0,5,-8.881784197001252E-16,0.07608068873050595,100
4177,0.9999999999999999,0.7963816814605,0.5995725987487656,4.999999999999998,3,0.006571778613446155,0.03908496694123067,100
4177,0.0,0.5137390670724856,0.8593439699176495,0.0,5,-2.220446049250313E-16,0.07803320097574706,100
4177,0.0,0.5228331767601636,0.965437040994494,3.1276813561309447,5,0.0,0.07987585160395268,100
4177,0.0,0.7189929319225228,0.9352320776850266,2.265971823834035,5,9.992007221626409E-16,0.07768270951508761,100
4177,0.0,0.015538546184258093,0.0,0.0,5,0.0,0.0815977231440306,100
4177,0.0,0.3890107885717401,0.24136787544947294,1.5244498576482675,5,-1.7763568394002505E-15,0.11111171087548896,100
4177,0.3348172737556764,0.9991889493597516,0.9999999999999999,4.980383163696743,5,0.019586360723566787,0.0038670708607977567,100
4177,0.9999999999999999,0.9642620048322034,0.9757774035936079,4.999999999999998,5,0.004597833135547846,0.010838789680752718,100
4177,0.0,0.5576692876447816,0.020110140606807297,3.1427278877990483,5,-4.440892098500626E-16,0.06273488481233945,100
4177,0.0,0.6255959364487368,0.055989405398308205,0.0,5,-1.1102230246251565E-15,0.10411936705339825,100
4177,0.009899629512350256,0.9132055724852471,0.9999999999999999,4.945787747968887,5,-0.0015803932243914076,0.11278756064004615,100
4177,0.4894258920535086,0.9999999999999999,0.8012757398931928,4.9586472539814554,1,0.016113572973883383,0.013762984705008802,100
4177,0.908431580149961,0.9999999999999999,0.6862982549140633,4.9876834657761,1,0.008984462533231485,0.011806862415057393,100
4177,0.01339060477245815,0.9999999999999999,0.9395776906994735,4.999999999999998,5,-0.002669965736907587,0.139471244419715,100
4177,0.0,0.7804750621148987,0.6701188524059222,4.999999999999998,7,-1.7763568394002505E-15,0.11146516372815593,100
4177,0.9999999999999999,0.7854140252854821,0.9344325369733728,4.999999999999998,1,0.017122195426329312,0.012139851408672844,100
4177,0.15667262637914914,0.9999999999999999,0.9355676166585314,4.745674580556679,1,0.014054975148353188,0.012775827044707035,100
4177,0.0234055987038539,0.9999999999999999,0.5560877630578372,4.999999999999998,1,-0.002273149772692884,0.1322210153860845,100
4177,0.9999999999999999,0.9994659565047005,0.9999999999999999,4.940321962452179,5,0.008077686905832548,0.023805794651786772,100
4177,0.8867848059803587,0.9999999999999999,0.938978810256233,4.999999999999998,1,0.00807898526124362,0.013223871436696528,100
4177,0.7422762772595766,0.9999999999999999,0.9004695619641938,4.999999999999998,7,0.00314862533396576,0.01801119649874073,100
4177,0.0,0.7968692185232981,0.7613148494022786,1.9501621459406446,5,1.1102230246251565E-16,0.07376540585507045,100
4177,0.0,0.9937621174396237,0.7227715218361686,4.999999999999998,5,-1.3322676295501878E-15,0.10759086386395154,100
4177,0.0,0.25671863800335065,0.9999999999999999,2.787488556169843,5,-1.7763568394002505E-15,0.04233504704057689,100
4177,0.2201005682330085,0.9999999999999999,0.9133928636484843,4.999999999999998,5,0.0012424628935643334,0.013686889536457929,100
4177,0.0,0.7108774128654445,0.22057338995354586,1.207704019699474,5,-1.7763568394002505E-15,0.07552263524342535,100
4177,0.0,0.530664347637804,0.1538105808826443,3.5697617174634555,5,-2.220446049250313E-16,0.077227511632434,100
4177,0.0,0.5930909259775559,0.0,2.7769326344285084,5,-1.1102230246251565E-15,0.09149925090282121,100
4177,0.8370219998821568,0.9999999999999999,0.9999999999999999,4.999999999999998,3,0.007621635741017929,0.023215121155320196,100
4177,0.9999999999999999,0.9999999999999999,0.5288775620673004,4.999999999999998,3,0.0033991956813008706,0.05926016364415617,100
4177,0.0,0.8745147467533582,0.6038846227846455,4.21826494458632,5,0.0,0.07253118562831622,100
4177,0.12711383208753127,0.8243497050020041,0.7286228313642364,4.999999999999998,7,-0.0018503521482859941,0.03940018422462737,100
4177,0.5878980668699324,0.9999999999999999,0.9404811329406367,4.97061330979583,5,0.01468539549798209,0.010698547073077706,100
4177,0.0,0.6039095215869581,0.27354949296962006,3.3944394928598443,5,1.7763568394002505E-15,0.06168842808339973,100
4177,0.00898820326277831,0.8230568219208148,0.9999999999999999,4.999999999999998,3,-0.0010266890951016183,0.1697824686634619,100
4177,0.002227555746763708,0.9999999999999999,0.9702400058151437,4.999999999999997,4,-4.0547911953625615E-5,0.1396262980767247,100
4177,0.0,0.6322842231429234,0.2900080796109181,4.999999999999998,5,-1.3322676295501878E-15,0.1009839768134367,100
4177,0.0,0.7743735282492249,0.2124011469638226,3.237463284732408,5,-6.661338147750939E-16,0.08282703364168678,100
4177,0.03521692111224145,0.9579779386715722,0.5695226304587953,4.915999908632582,7,3.7318768573191274E-4,0.07149858289417291,100
4177,0.4593480696320323,0.9999999999999999,0.9239460928002602,4.98594252799644,3,-0.0070275982843162055,0.04382806645830289,100
4177,0.7598123614660627,0.9999999999999999,0.6988196786305049,4.89842700549634,1,0.003420710284825823,0.03710772299970354,100
4177,0.6483540042532651,0.9999999999999999,0.8052629079551129,4.999999999999998,1,0.015315392558863827,0.006234027295282023,100
4177,0.15432883903869374,0.9991954459700275,0.684783297184442,4.907465964594796,1,0.004498542643765924,0.03278552116664033,100
4177,0.9517318532566382,0.9696803403928814,0.9999999999999999,4.999999999999998,5,0.016784904587036853,0.006485025856268799,100
4177,0.02160733541706185,0.9999999999999999,0.7806005915446989,4.999999999999998,1,-0.0012488454002757,0.08234778263939693,100
4177,0.008653115565552304,0.8614721129836438,0.9999999999999999,4.999999999999998,1,-0.0010665245752299324,0.1706901370515633,100
4177,0.0,0.8898220211425406,0.2094158413859681,4.287526516999251,5,-6.661338147750939E-16,0.08948371828040595,100
4177,0.2920067113045967,0.999551014241235,0.6459021416721656,4.944531132537324,5,0.011922390050547294,0.014818716970882788,100
4177,0.035453645442901,0.8519878203829944,0.759639852511434,4.999999999999998,7,-0.0013471463843881537,0.08131408485680423,100
4177,0.9467012521698069,0.9344327142684185,0.6697119917636265,4.999999999999998,5,0.009254149191508021,0.015521723447398099,100
4177,0.03137822675832815,0.9626561951077546,0.6940294301127887,4.999999999999998,7,-0.003262891063042339,0.09019754848684297,100
4177,0.0,0.921903075664423,0.0,2.7592599129369373,5,-1.3322676295501878E-15,0.07060953675936096,100
4177,0.0,0.79297210779767,0.8284916682647698,0.0,1,-1.7763568394002505E-15,0.0992056116997205,100
4177,0.0,0.441681191901551,0.3729177018697664,0.0,5,6.661338147750939E-16,0.0737232003520014,100
4177,0.6203337368911928,0.9999999999999999,0.7443341249609301,4.999999999999998,1,0.009015377410557135,0.012039828139807222,100
4177,0.0,0.9999999999999999,0.5821784430476027,4.927271202824323,1,-2.220446049250313E-15,0.142548163780235,100
4177,0.06453163308513246,0.9999999999999999,0.9999999999999999,4.999999999999998,1,-6.053274167818756E-4,0.1330605528212106,100
4177,0.0,0.6340013408445726,0.854682200289578,4.687850121394114,5,-1.5543122344752192E-15,0.07008720120081295,100
4177,0.27316168768489396,0.999991412250111,0.9852392693633977,4.999999999999998,4,0.017539488510288637,0.005683284478405796,100
4177,0.5712770151641611,0.9999999999999999,0.788134032266913,4.994184072902085,1,0.013635939389255225,0.011939815745008844,100
4177,0.0034892265769634816,0.9138013370682694,0.7617819486299755,4.999999999999998,1,-2.7632579790526357E-4,0.1467198928669465,100
4177,0.09333887552647933,0.9999999999999999,0.9209427723631464,4.999999999999998,3,0.004887191631284815,0.06112648175118993,100
4177,0.6041551122114281,0.9915980767288725,0.8192296610762744,4.999999999999998,5,8.850807324423116E-4,0.007967125284643868,100
4177,0.5446767765828023,0.9754883865703007,0.9999999999999999,4.97129427173545,5,0.008249928265866235,0.014108586671773128,100
4177,0.0,0.9961183834665769,0.9999999999999999,4.647009886129031,5,-1.5543122344752192E-15,0.0760799983257018,100
4177,0.9999999999999999,0.9999999999999999,0.6444724979904536,4.927501180142909,1,0.006625611621823291,0.008471822841457635,100
4177,0.9999999999999999,0.9854166684736344,0.9999999999999999,4.999999999999998,1,0.00487060492539082,0.010208144711634115,100
4177,0.0,0.9999999999999999,0.2993780273098182,2.7041410476966687,5,5.551115123125783E-16,0.08219604162684767,100
4177,0.22712863522328705,0.8628186945405344,0.6493993233612564,4.999999999999998,1,0.01435536361431533,0.012736734614938803,100
4177,0.3643553776823175,0.9999999999999999,0.9864832751124076,4.999999999999998,7,0.006204030640792224,0.014751137606834374,100
4177,0.0,0.727457217885854,0.5526912492658484,2.7761484182951057,5,-1.1102230246251565E-15,0.08147184251515306,100
4177,0.24689215463186578,0.9610932760796884,0.8205312361489738,4.999999999999998,7,0.003216701673283029,0.010198155836621524,100
4177,0.15647890537631154,0.9999999999999999,0.9999999999999999,4.999999999999998,1,-0.003289232791195751,0.19692887057727626,100
4177,0.017030260969096263,0.7629913276796758,0.9911002954890576,4.8265171718543405,5,-7.514781130923964E-6,0.08964913878657314,100
4177,0.7673705804142426,0.8670824493194945,0.5009510363403676,4.999999999999998,1,0.005016337545499905,0.02350208913640267,100
4177,0.9999999999999999,0.9681183734082223,0.9999999999999999,4.999999999999998,5,0.01423846841315668,0.009710887597805792,100
4177,0.0223183496960112,0.8893013097010704,0.7774678782749269,4.957298441895437,3,-0.0030243074845632822,0.17372916929454152,100
4177,0.2935298972732487,0.8699923830259055,0.8706287318169285,4.999999999999998,1,0.00421566646754612,0.01189006805869804,100
4177,0.8343423892605175,0.978085448907091,0.8942040290865437,4.999999999999998,5,0.010072658683002,0.007416550491416254,100
4177,0.42843645482279563,0.9997232831429365,0.9999999999999999,4.999999999999998,5,0.008386132121229295,0.008380209525274766,100
4177,0.30522466997913084,0.9999999999999999,0.9203197189524505,4.999999999999998,3,-4.81383622199516E-4,0.046428323629389125,100
4177,0.4301202070864765,0.9999999999999999,0.9999999999999999,4.999999999999998,1,0.003113661853877847,0.026823648839760215,100
4177,0.017557938645058488,0.9999999999999999,0.9775757901159347,4.999999999999997,1,-0.002575974946642301,0.09580874223931189,100
4177,0.1718500758716871,0.9999999999999999,0.9999999999999998,4.776351313157174,5,0.012090818667202519,0.01395710469514715,100
4177,0.9999999999999999,0.9999999999999999,0.8329622374640776,4.814127912833191,5,0.0076663967073759,0.024559937570613026,100
4177,0.0,0.46599360206160756,0.5857570682571759,1.0046984343256509,5,-1.3322676295501878E-15,0.09246693881257156,100
4177,0.0017917060268290933,0.8052348178172438,0.8124693536351706,3.764910192018928,5,4.5125691525382816E-4,0.06888992525260469,100
4177,0.3186069705922377,0.8904012391318464,0.8369032935922841,4.999999999999998,5,0.01815879780601648,0.010487908573989246,100
4177,0.0,0.9394753037591378,0.5054561010441582,0.0,5,-1.5543122344752192E-15,0.10491665867399418,100
4177,0.0,0.9999999999999999,0.4712936768807324,0.0,7,-2.4424906541753444E-15,0.1352386700191221,100
4177,0.03792986809417847,0.8546719494139989,0.6490438827973323,4.999999999999998,3,-0.003062574374682603,0.17112197198483528,100
4177,0.7935590855490091,0.9165079433463584,0.9999999999999999,4.999999999999998,7,0.004411578100874558,0.005219122557567239,100
4177,0.0,0.4426662763846925,0.9282069589563321,3.0099765723948813,5,-1.1102230246251565E-15,0.0911099510990221,100
4177,0.12407293255192273,0.9999999999999999,0.7963822554068293,4.999999999999998,5,0.008718398793373439,0.020223295442754134,100
4177,0.8097685762526359,0.9999999999999999,0.9999999999999999,4.5924605797034825,5,0.014656601996189678,0.010382274014767183,100
4177,0.012959767665347075,0.8870173692809772,0.9999999999999999,4.999999999999997,7,-0.002569069638568733,0.1647742388080713,100
4177,0.0026548337441690568,0.9999999999999999,0.2695682263885831,1.939138466224067,5,0.002366643770522203,0.06687307307361044,100
4177,0.0,0.5358378719005401,0.3433672505220713,2.4521194574407366,5,-4.440892098500626E-16,0.08381784275645372,100
4177,0.9999999999999999,0.9999999999999999,0.884681953478313,4.9963431975485335,1,0.003486893810539793,0.02069636354315178,100
4177,0.04849951358582872,0.9125411167510074,0.9999999999999999,4.913605165332693,1,0.0031936505221379363,0.04676476104684871,100
4177,0.07552324891486188,0.9577325050071221,0.9999999999999999,4.999999999999998,3,-0.0015322425182344723,0.05222372673827796,100
4177,0.014649702343799363,0.9999999999999999,0.9671008769187414,4.976150135070984,3,-5.657411223174424E-4,0.13420556306854586,100
4177,0.01007394913197116,0.9557222045239804,0.7216643755922763,4.999999999999998,7,-0.0017810631576908875,0.11425866233950975,100
4177,0.005690497813020611,0.806455217175406,0.7511496600209662,4.999999999999998,5,-1.6302989032768167E-4,0.10924953089996779,100
4177,0.4665727342534507,0.9421614584768605,0.9607095205236115,4.999999999999998,1,0.0025746295842413724,0.009412883471661748,100
4177,0.0,0.8341636115840265,0.1975670680643886,4.999999999999998,5,-1.7763568394002505E-15,0.12182290341206316,100
4177,0.002652475509730444,0.9269169385773477,0.9660854828297591,4.714260669759695,1,-4.2944204999262325E-4,0.10461122607899355,100
4177,0.0018327373291897652,0.9999999999999999,0.9999999999999999,4.8364685950886175,3,-3.990428694800041E-4,0.1558372807903571,100
4177,0.0,0.8827939356948318,0.6648558726647298,1.4553842909446355,5,-2.220446049250313E-16,0.05897539310935463,100
4177,0.0,0.7461086986103983,0.03083449135573264,4.729344121072026,1,-8.881784197001252E-16,0.09538989034610504,100
4177,0.023582549549141057,0.8665776403762997,0.8575956063489591,4.8593219402115695,3,-0.0017433977951164525,0.18701673140007377,100
4177,0.0,0.9999999999999999,0.6703252309448299,3.6923810035750284,5,-8.881784197001252E-16,0.09570123599405864,100
4177,0.0,0.9999999999999999,0.3818267051099678,3.630211644231026,4,-6.661338147750939E-16,0.09876163678826001,100
4177,0.02589736985517215,0.9023258966467201,0.7904574989515466,4.710171473720787,1,-0.0026181148727462134,0.04725461754604428,100
4177,0.9999999999999999,0.9999999999999999,0.9999999999999999,4.999999999999998,5,0.015042507949808215,0.006665222318072503,100
4177,0.7730225441423084,0.927604052504735,0.9999999999999999,4.727948311228408,5,0.011143012828795373,0.013010441431986722,100
4177,0.0362388354761106,0.893021400199762,0.8298758831051042,4.999999999999998,7,-0.0014190661379900327,0.15012578398130405,100
4177,0.0,0.13149400900030986,0.9999999999999999,0.0,5,1.1102230246251565E-16,0.0613651479402161,100
4177,0.9883839293350551,0.9145231354765533,0.8483482669039816,4.999999999999998,1,0.013378805082229772,0.00724706384157682,100
4177,0.8669858538492311,0.9999999999999999,0.9999999999999999,4.945916254542911,7,2.465521274033211E-4,0.01510555527818628,100
4177,0.028873078429695637,0.9083879655691416,0.8568563549499434,4.837278508014947,3,-9.109041784796101E-4,0.10102663521713483,100
4177,0.002304286826276701,0.9102625655971739,0.8219148471974007,4.843596407425192,1,-4.555618850814458E-4,0.10255437804954616,100
4177,0.01249584854204192,0.9999999999999999,0.45426232774445147,4.999999999999998,7,-0.0010487260981628665,0.10659246590572012,100
4177,0.0,0.9014183142940625,0.9432612856121237,1.899893235095078,5,-8.881784197001252E-16,0.07159180817065096,100
4177,0.27361940331881135,0.9665138652460427,0.8924117523270859,4.999999999999998,5,0.0060721732787343274,0.013947391259736795,100
4177,0.01790665504868789,0.9822561210229281,0.9999999999999999,4.999999999999998,7,-0.00311972144921957,0.1451139349190972,100
4177,0.0,0.8535580172871816,0.7285095820506897,4.9999999999999964,5,-2.6645352591003757E-15,0.10126625307396818,100
4177,0.8046015338617363,0.8692996404847497,0.9999999999999999,4.999999999999998,1,0.011488149641555645,0.01318249005027943,100
4177,0.0,0.8959239347791181,0.5548022603655505,4.189602641925373,7,-2.220446049250313E-15,0.13556516581279293,100
4177,0.38121596019668946,0.937893393209514,0.9999999999999999,4.999999999999998,1,0.009303571796714039,0.012182980650597157,100
4177,0.5321507091166471,0.9999999999999999,0.574165945647276,4.999999999999998,7,6.840330543429474E-4,0.027690072955843376,100
4177,0.2526315668824161,0.955771433710344,0.7962265601730864,4.998645896195791,5,0.006567329724256887,0.014648171935062983,100
4177,0.0,0.9999999999999999,0.5364311319311997,4.409131466141524,5,1.3322676295501878E-15,0.07318310695833576,100
4177,0.0,0.9999999999999999,0.8644878541716668,4.999999999999998,1,-1.9984014443252818E-15,0.12267331222795137,100
4177,0.021235599202391802,0.7913758785575123,0.7553821111775393,4.774267686174762,7,-3.356583804119406E-4,0.1064771683062812,100
